Id,Prediction
000000.JPEG,14
000001.JPEG,9
000002.JPEG,16
000003.JPEG,1
000004.JPEG,6
000005.JPEG,0
000006.JPEG,12
000007.JPEG,14
000008.JPEG,4
000009.JPEG,3
000010.JPEG,19
000011.JPEG,7
000012.JPEG,17
000013.JPEG,0
000014.JPEG,3
000015.JPEG,18
000016.JPEG,15
000017.JPEG,7
000018.JPEG,17
000019.JPEG,14
000020.JPEG,14
000021.JPEG,17
000022.JPEG,16
000023.JPEG,8
000024.JPEG,11
000025.JPEG,16
000026.JPEG,20
000027.JPEG,8
000028.JPEG,10
000029.JPEG,0
000030.JPEG,14
000031.JPEG,9
000032.JPEG,16
000033.JPEG,1
000034.JPEG,3
000035.JPEG,19
000036.JPEG,16
000037.JPEG,14
000038.JPEG,0
000039.JPEG,6
000040.JPEG,8
000041.JPEG,8
000042.JPEG,7
000043.JPEG,3
000044.JPEG,16
000045.JPEG,4
000046.JPEG,14
000047.JPEG,6
000048.JPEG,16
000049.JPEG,12
000050.JPEG,6
000051.JPEG,1
000052.JPEG,13
000053.JPEG,16
000054.JPEG,5
000055.JPEG,19
000056.JPEG,14
000057.JPEG,2
000058.JPEG,14
000059.JPEG,9
000060.JPEG,7
000061.JPEG,0
000062.JPEG,13
000063.JPEG,4
000064.JPEG,20
000065.JPEG,14
000066.JPEG,8
000067.JPEG,11
000068.JPEG,10
000069.JPEG,8
000070.JPEG,17
000071.JPEG,20
000072.JPEG,9
000073.JPEG,5
000074.JPEG,1
000075.JPEG,15
000076.JPEG,19
000077.JPEG,15
000078.JPEG,8
000079.JPEG,10
000080.JPEG,18
000081.JPEG,13
000082.JPEG,11
000083.JPEG,2
000084.JPEG,4
000085.JPEG,13
000086.JPEG,15
000087.JPEG,9
000088.JPEG,8
000089.JPEG,4
000090.JPEG,4
000091.JPEG,14
000092.JPEG,11
000093.JPEG,12
000094.JPEG,20
000095.JPEG,20
000096.JPEG,0
000097.JPEG,5
000098.JPEG,17
000099.JPEG,20
000100.JPEG,11
000101.JPEG,4
000102.JPEG,9
000103.JPEG,16
000104.JPEG,2
000105.JPEG,20
000106.JPEG,12
000107.JPEG,14
000108.JPEG,10
000109.JPEG,14
000110.JPEG,10
000111.JPEG,18
000112.JPEG,14
000113.JPEG,7
000114.JPEG,19
000115.JPEG,8
000116.JPEG,8
000117.JPEG,9
000118.JPEG,18
000119.JPEG,15
000120.JPEG,12
000121.JPEG,6
000122.JPEG,15
000123.JPEG,8
000124.JPEG,13
000125.JPEG,13
000126.JPEG,6
000127.JPEG,1
000128.JPEG,5
000129.JPEG,17
000130.JPEG,4
000131.JPEG,8
000132.JPEG,9
000133.JPEG,3
000134.JPEG,1
000135.JPEG,17
000136.JPEG,0
000137.JPEG,18
000138.JPEG,2
000139.JPEG,3
000140.JPEG,10
000141.JPEG,20
000142.JPEG,20
000143.JPEG,3
000144.JPEG,8
000145.JPEG,18
000146.JPEG,1
000147.JPEG,12
000148.JPEG,11
000149.JPEG,7
000150.JPEG,7
000151.JPEG,7
000152.JPEG,18
000153.JPEG,10
000154.JPEG,11
000155.JPEG,1
000156.JPEG,14
000157.JPEG,20
000158.JPEG,10
000159.JPEG,19
000160.JPEG,13
000161.JPEG,12
000162.JPEG,4
000163.JPEG,12
000164.JPEG,7
000165.JPEG,13
000166.JPEG,13
000167.JPEG,3
000168.JPEG,13
000169.JPEG,5
000170.JPEG,6
000171.JPEG,2
000172.JPEG,4
000173.JPEG,15
000174.JPEG,3
000175.JPEG,4
000176.JPEG,19
000177.JPEG,10
000178.JPEG,19
000179.JPEG,0
000180.JPEG,20
000181.JPEG,12
000182.JPEG,14
000183.JPEG,12
000184.JPEG,6
000185.JPEG,15
000186.JPEG,15
000187.JPEG,11
000188.JPEG,13
000189.JPEG,8
000190.JPEG,16
000191.JPEG,4
000192.JPEG,10
000193.JPEG,20
000194.JPEG,1
000195.JPEG,8
000196.JPEG,8
000197.JPEG,3
000198.JPEG,10
000199.JPEG,6
000200.JPEG,8
000201.JPEG,5
000202.JPEG,19
000203.JPEG,18
000204.JPEG,14
000205.JPEG,8
000206.JPEG,18
000207.JPEG,13
000208.JPEG,9
000209.JPEG,6
000210.JPEG,14
000211.JPEG,7
000212.JPEG,1
000213.JPEG,2
000214.JPEG,5
000215.JPEG,6
000216.JPEG,0
000217.JPEG,14
000218.JPEG,14
000219.JPEG,20
000220.JPEG,1
000221.JPEG,9
000222.JPEG,7
000223.JPEG,16
000224.JPEG,1
000225.JPEG,9
000226.JPEG,3
000227.JPEG,12
000228.JPEG,7
000229.JPEG,1
000230.JPEG,7
000231.JPEG,4
000232.JPEG,13
000233.JPEG,16
000234.JPEG,13
000235.JPEG,19
000236.JPEG,5
000237.JPEG,5
000238.JPEG,18
000239.JPEG,18
000240.JPEG,3
000241.JPEG,5
000242.JPEG,14
000243.JPEG,3
000244.JPEG,16
000245.JPEG,14
000246.JPEG,1
000247.JPEG,2
000248.JPEG,18
000249.JPEG,5
000250.JPEG,8
000251.JPEG,13
000252.JPEG,18
000253.JPEG,0
000254.JPEG,20
000255.JPEG,18
000256.JPEG,18
000257.JPEG,5
000258.JPEG,7
000259.JPEG,9
000260.JPEG,16
000261.JPEG,5
000262.JPEG,3
000263.JPEG,1
000264.JPEG,2
000265.JPEG,6
000266.JPEG,18
000267.JPEG,9
000268.JPEG,18
000269.JPEG,5
000270.JPEG,19
000271.JPEG,5
000272.JPEG,18
000273.JPEG,11
000274.JPEG,3
000275.JPEG,1
000276.JPEG,18
000277.JPEG,14
000278.JPEG,8
000279.JPEG,5
000280.JPEG,3
000281.JPEG,5
000282.JPEG,20
000283.JPEG,16
000284.JPEG,15
000285.JPEG,2
000286.JPEG,9
000287.JPEG,18
000288.JPEG,1
000289.JPEG,4
000290.JPEG,17
000291.JPEG,9
000292.JPEG,5
000293.JPEG,20
000294.JPEG,15
000295.JPEG,18
000296.JPEG,12
000297.JPEG,10
000298.JPEG,13
000299.JPEG,16
000300.JPEG,15
000301.JPEG,2
000302.JPEG,4
000303.JPEG,14
000304.JPEG,7
000305.JPEG,12
000306.JPEG,13
000307.JPEG,20
000308.JPEG,8
000309.JPEG,10
000310.JPEG,13
000311.JPEG,3
000312.JPEG,1
000313.JPEG,4
000314.JPEG,14
000315.JPEG,12
000316.JPEG,1
000317.JPEG,6
000318.JPEG,16
000319.JPEG,8
000320.JPEG,7
000321.JPEG,12
000322.JPEG,14
000323.JPEG,0
000324.JPEG,14
000325.JPEG,5
000326.JPEG,16
000327.JPEG,1
000328.JPEG,7
000329.JPEG,7
000330.JPEG,7
000331.JPEG,12
000332.JPEG,7
000333.JPEG,13
000334.JPEG,16
000335.JPEG,9
000336.JPEG,20
000337.JPEG,15
000338.JPEG,5
000339.JPEG,8
000340.JPEG,18
000341.JPEG,15
000342.JPEG,8
000343.JPEG,20
000344.JPEG,2
000345.JPEG,3
000346.JPEG,20
000347.JPEG,2
000348.JPEG,20
000349.JPEG,9
000350.JPEG,5
000351.JPEG,19
000352.JPEG,17
000353.JPEG,16
000354.JPEG,11
000355.JPEG,13
000356.JPEG,2
000357.JPEG,1
000358.JPEG,9
000359.JPEG,0
000360.JPEG,18
000361.JPEG,20
000362.JPEG,8
000363.JPEG,12
000364.JPEG,16
000365.JPEG,6
000366.JPEG,15
000367.JPEG,20
000368.JPEG,2
000369.JPEG,5
000370.JPEG,11
000371.JPEG,14
000372.JPEG,11
000373.JPEG,5
000374.JPEG,20
000375.JPEG,1
000376.JPEG,5
000377.JPEG,3
000378.JPEG,6
000379.JPEG,14
000380.JPEG,2
000381.JPEG,12
000382.JPEG,1
000383.JPEG,13
000384.JPEG,11
000385.JPEG,6
000386.JPEG,6
000387.JPEG,20
000388.JPEG,10
000389.JPEG,8
000390.JPEG,6
000391.JPEG,8
000392.JPEG,18
000393.JPEG,16
000394.JPEG,18
000395.JPEG,3
000396.JPEG,9
000397.JPEG,20
000398.JPEG,14
000399.JPEG,18
000400.JPEG,14
000401.JPEG,13
000402.JPEG,17
000403.JPEG,13
000404.JPEG,20
000405.JPEG,8
000406.JPEG,8
000407.JPEG,3
000408.JPEG,14
000409.JPEG,2
000410.JPEG,9
000411.JPEG,1
000412.JPEG,13
000413.JPEG,4
000414.JPEG,18
000415.JPEG,14
000416.JPEG,13
000417.JPEG,5
000418.JPEG,4
000419.JPEG,10
000420.JPEG,20
000421.JPEG,20
000422.JPEG,3
000423.JPEG,2
000424.JPEG,18
000425.JPEG,13
000426.JPEG,5
000427.JPEG,6
000428.JPEG,14
000429.JPEG,16
000430.JPEG,11
000431.JPEG,16
000432.JPEG,8
000433.JPEG,14
000434.JPEG,15
000435.JPEG,16
000436.JPEG,14
000437.JPEG,6
000438.JPEG,18
000439.JPEG,11
000440.JPEG,9
000441.JPEG,16
000442.JPEG,7
000443.JPEG,5
000444.JPEG,18
000445.JPEG,0
000446.JPEG,16
000447.JPEG,5
000448.JPEG,2
000449.JPEG,0
000450.JPEG,10
000451.JPEG,17
000452.JPEG,19
000453.JPEG,6
000454.JPEG,18
000455.JPEG,4
000456.JPEG,0
000457.JPEG,8
000458.JPEG,16
000459.JPEG,18
000460.JPEG,14
000461.JPEG,12
000462.JPEG,15
000463.JPEG,14
000464.JPEG,7
000465.JPEG,6
000466.JPEG,6
000467.JPEG,12
000468.JPEG,16
000469.JPEG,9
000470.JPEG,9
000471.JPEG,4
000472.JPEG,2
000473.JPEG,9
000474.JPEG,18
000475.JPEG,3
000476.JPEG,5
000477.JPEG,10
000478.JPEG,6
000479.JPEG,20
000480.JPEG,6
000481.JPEG,9
000482.JPEG,19
000483.JPEG,18
000484.JPEG,11
000485.JPEG,6
000486.JPEG,7
000487.JPEG,19
000488.JPEG,20
000489.JPEG,7
000490.JPEG,9
000491.JPEG,0
000492.JPEG,3
000493.JPEG,5
000494.JPEG,6
000495.JPEG,3
000496.JPEG,18
000497.JPEG,4
000498.JPEG,10
000499.JPEG,1
000500.JPEG,1
000501.JPEG,0
000502.JPEG,5
000503.JPEG,19
000504.JPEG,18
000505.JPEG,15
000506.JPEG,2
000507.JPEG,2
000508.JPEG,16
000509.JPEG,19
000510.JPEG,19
000511.JPEG,15
000512.JPEG,16
000513.JPEG,7
000514.JPEG,17
000515.JPEG,9
000516.JPEG,9
000517.JPEG,8
000518.JPEG,6
000519.JPEG,13
000520.JPEG,14
000521.JPEG,8
000522.JPEG,16
000523.JPEG,8
000524.JPEG,19
000525.JPEG,16
000526.JPEG,8
000527.JPEG,0
000528.JPEG,2
000529.JPEG,5
000530.JPEG,20
000531.JPEG,11
000532.JPEG,18
000533.JPEG,19
000534.JPEG,16
000535.JPEG,9
000536.JPEG,18
000537.JPEG,14
000538.JPEG,14
000539.JPEG,5
000540.JPEG,2
000541.JPEG,10
000542.JPEG,5
000543.JPEG,15
000544.JPEG,16
000545.JPEG,8
000546.JPEG,13
000547.JPEG,7
000548.JPEG,20
000549.JPEG,9
000550.JPEG,17
000551.JPEG,4
000552.JPEG,10
000553.JPEG,17
000554.JPEG,9
000555.JPEG,13
000556.JPEG,18
000557.JPEG,18
000558.JPEG,13
000559.JPEG,14
000560.JPEG,17
000561.JPEG,16
000562.JPEG,9
000563.JPEG,0
000564.JPEG,20
000565.JPEG,18
000566.JPEG,20
000567.JPEG,0
000568.JPEG,4
000569.JPEG,12
000570.JPEG,2
000571.JPEG,10
000572.JPEG,11
000573.JPEG,14
000574.JPEG,1
000575.JPEG,8
000576.JPEG,17
000577.JPEG,7
000578.JPEG,14
000579.JPEG,0
000580.JPEG,10
000581.JPEG,19
000582.JPEG,4
000583.JPEG,18
000584.JPEG,10
000585.JPEG,19
000586.JPEG,20
000587.JPEG,10
000588.JPEG,18
000589.JPEG,15
000590.JPEG,15
000591.JPEG,19
000592.JPEG,4
000593.JPEG,0
000594.JPEG,5
000595.JPEG,2
000596.JPEG,4
000597.JPEG,2
000598.JPEG,7
000599.JPEG,7
000600.JPEG,9
000601.JPEG,8
000602.JPEG,2
000603.JPEG,9
000604.JPEG,8
000605.JPEG,12
000606.JPEG,3
000607.JPEG,3
000608.JPEG,8
000609.JPEG,18
000610.JPEG,1
000611.JPEG,10
000612.JPEG,2
000613.JPEG,15
000614.JPEG,20
000615.JPEG,3
000616.JPEG,12
000617.JPEG,14
000618.JPEG,4
000619.JPEG,14
000620.JPEG,8
000621.JPEG,7
000622.JPEG,1
000623.JPEG,17
000624.JPEG,19
000625.JPEG,8
000626.JPEG,1
000627.JPEG,4
000628.JPEG,13
000629.JPEG,7
000630.JPEG,20
000631.JPEG,14
000632.JPEG,18
000633.JPEG,18
000634.JPEG,2
000635.JPEG,9
000636.JPEG,18
000637.JPEG,14
000638.JPEG,19
000639.JPEG,18
000640.JPEG,7
000641.JPEG,3
000642.JPEG,11
000643.JPEG,9
000644.JPEG,1
000645.JPEG,7
000646.JPEG,20
000647.JPEG,12
000648.JPEG,3
000649.JPEG,14
000650.JPEG,20
000651.JPEG,3
000652.JPEG,2
000653.JPEG,7
000654.JPEG,3
000655.JPEG,19
000656.JPEG,16
000657.JPEG,11
000658.JPEG,15
000659.JPEG,5
000660.JPEG,8
000661.JPEG,0
000662.JPEG,16
000663.JPEG,10
000664.JPEG,12
000665.JPEG,1
000666.JPEG,17
000667.JPEG,2
000668.JPEG,10
000669.JPEG,17
000670.JPEG,3
000671.JPEG,10
000672.JPEG,6
000673.JPEG,20
000674.JPEG,5
000675.JPEG,17
000676.JPEG,2
000677.JPEG,7
000678.JPEG,18
000679.JPEG,16
000680.JPEG,20
000681.JPEG,19
000682.JPEG,9
000683.JPEG,1
000684.JPEG,20
000685.JPEG,12
000686.JPEG,17
000687.JPEG,4
000688.JPEG,10
000689.JPEG,8
000690.JPEG,16
000691.JPEG,9
000692.JPEG,9
000693.JPEG,12
000694.JPEG,20
000695.JPEG,5
000696.JPEG,10
000697.JPEG,16
000698.JPEG,10
000699.JPEG,4
000700.JPEG,3
000701.JPEG,19
000702.JPEG,8
000703.JPEG,5
000704.JPEG,13
000705.JPEG,0
000706.JPEG,15
000707.JPEG,0
000708.JPEG,19
000709.JPEG,2
000710.JPEG,17
000711.JPEG,11
000712.JPEG,4
000713.JPEG,15
000714.JPEG,9
000715.JPEG,6
000716.JPEG,3
000717.JPEG,19
000718.JPEG,18
000719.JPEG,3
000720.JPEG,17
000721.JPEG,9
000722.JPEG,18
000723.JPEG,19
000724.JPEG,14
000725.JPEG,8
000726.JPEG,12
000727.JPEG,9
000728.JPEG,17
000729.JPEG,7
000730.JPEG,11
000731.JPEG,12
000732.JPEG,9
000733.JPEG,9
000734.JPEG,9
000735.JPEG,14
000736.JPEG,17
000737.JPEG,16
000738.JPEG,3
000739.JPEG,3
000740.JPEG,5
000741.JPEG,17
000742.JPEG,14
000743.JPEG,19
000744.JPEG,14
000745.JPEG,4
000746.JPEG,15
000747.JPEG,18
000748.JPEG,14
000749.JPEG,5
000750.JPEG,12
000751.JPEG,3
000752.JPEG,18
000753.JPEG,13
000754.JPEG,0
000755.JPEG,1
000756.JPEG,0
000757.JPEG,14
000758.JPEG,2
000759.JPEG,1
000760.JPEG,20
000761.JPEG,9
000762.JPEG,16
000763.JPEG,18
000764.JPEG,7
000765.JPEG,14
000766.JPEG,4
000767.JPEG,8
000768.JPEG,18
000769.JPEG,3
000770.JPEG,8
000771.JPEG,7
000772.JPEG,7
000773.JPEG,15
000774.JPEG,15
000775.JPEG,4
000776.JPEG,0
000777.JPEG,0
000778.JPEG,16
000779.JPEG,1
000780.JPEG,5
000781.JPEG,13
000782.JPEG,18
000783.JPEG,9
000784.JPEG,10
000785.JPEG,6
000786.JPEG,14
000787.JPEG,13
000788.JPEG,13
000789.JPEG,17
000790.JPEG,16
000791.JPEG,3
000792.JPEG,6
000793.JPEG,7
000794.JPEG,19
000795.JPEG,5
000796.JPEG,2
000797.JPEG,1
000798.JPEG,17
000799.JPEG,8
000800.JPEG,1
000801.JPEG,2
000802.JPEG,18
000803.JPEG,9
000804.JPEG,10
000805.JPEG,10
000806.JPEG,18
000807.JPEG,14
000808.JPEG,5
000809.JPEG,18
000810.JPEG,8
000811.JPEG,3
000812.JPEG,6
000813.JPEG,6
000814.JPEG,0
000815.JPEG,9
000816.JPEG,1
000817.JPEG,18
000818.JPEG,13
000819.JPEG,12
000820.JPEG,13
000821.JPEG,2
000822.JPEG,18
000823.JPEG,4
000824.JPEG,10
000825.JPEG,5
000826.JPEG,9
000827.JPEG,8
000828.JPEG,17
000829.JPEG,11
000830.JPEG,7
000831.JPEG,15
000832.JPEG,17
000833.JPEG,9
000834.JPEG,19
000835.JPEG,20
000836.JPEG,20
000837.JPEG,3
000838.JPEG,16
000839.JPEG,4
000840.JPEG,15
000841.JPEG,16
000842.JPEG,3
000843.JPEG,7
000844.JPEG,3
000845.JPEG,16
000846.JPEG,4
000847.JPEG,4
000848.JPEG,1
000849.JPEG,5
000850.JPEG,11
000851.JPEG,18
000852.JPEG,13
000853.JPEG,0
000854.JPEG,17
000855.JPEG,16
000856.JPEG,4
000857.JPEG,11
000858.JPEG,18
000859.JPEG,15
000860.JPEG,7
000861.JPEG,9
000862.JPEG,12
000863.JPEG,20
000864.JPEG,0
000865.JPEG,1
000866.JPEG,14
000867.JPEG,6
000868.JPEG,2
000869.JPEG,10
000870.JPEG,16
000871.JPEG,19
000872.JPEG,10
000873.JPEG,2
000874.JPEG,18
000875.JPEG,18
000876.JPEG,14
000877.JPEG,10
000878.JPEG,4
000879.JPEG,17
000880.JPEG,11
000881.JPEG,17
000882.JPEG,18
000883.JPEG,0
000884.JPEG,17
000885.JPEG,8
000886.JPEG,18
000887.JPEG,4
000888.JPEG,7
000889.JPEG,9
000890.JPEG,4
000891.JPEG,6
000892.JPEG,12
000893.JPEG,13
000894.JPEG,10
000895.JPEG,7
000896.JPEG,20
000897.JPEG,6
000898.JPEG,4
000899.JPEG,6
000900.JPEG,2
000901.JPEG,15
000902.JPEG,14
000903.JPEG,20
000904.JPEG,9
000905.JPEG,10
000906.JPEG,6
000907.JPEG,19
000908.JPEG,5
000909.JPEG,8
000910.JPEG,14
000911.JPEG,20
000912.JPEG,18
000913.JPEG,6
000914.JPEG,2
000915.JPEG,9
000916.JPEG,14
000917.JPEG,9
000918.JPEG,15
000919.JPEG,6
000920.JPEG,5
000921.JPEG,8
000922.JPEG,20
000923.JPEG,2
000924.JPEG,1
000925.JPEG,13
000926.JPEG,1
000927.JPEG,4
000928.JPEG,6
000929.JPEG,16
000930.JPEG,8
000931.JPEG,17
000932.JPEG,18
000933.JPEG,8
000934.JPEG,3
000935.JPEG,11
000936.JPEG,16
000937.JPEG,14
000938.JPEG,20
000939.JPEG,6
000940.JPEG,17
000941.JPEG,13
000942.JPEG,1
000943.JPEG,18
000944.JPEG,19
000945.JPEG,7
000946.JPEG,16
000947.JPEG,0
000948.JPEG,5
000949.JPEG,1
000950.JPEG,0
000951.JPEG,11
000952.JPEG,8
000953.JPEG,6
000954.JPEG,11
000955.JPEG,7
000956.JPEG,19
000957.JPEG,2
000958.JPEG,12
000959.JPEG,14
000960.JPEG,3
000961.JPEG,19
000962.JPEG,10
000963.JPEG,5
000964.JPEG,18
000965.JPEG,0
000966.JPEG,3
000967.JPEG,7
000968.JPEG,3
000969.JPEG,13
000970.JPEG,5
000971.JPEG,10
000972.JPEG,14
000973.JPEG,18
000974.JPEG,15
000975.JPEG,3
000976.JPEG,3
000977.JPEG,0
000978.JPEG,7
000979.JPEG,18
000980.JPEG,16
000981.JPEG,1
000982.JPEG,3
000983.JPEG,17
000984.JPEG,13
000985.JPEG,17
000986.JPEG,0
000987.JPEG,16
000988.JPEG,5
000989.JPEG,8
000990.JPEG,4
000991.JPEG,12
000992.JPEG,17
000993.JPEG,16
000994.JPEG,16
000995.JPEG,16
000996.JPEG,18
000997.JPEG,12
000998.JPEG,18
000999.JPEG,10
001000.JPEG,10
001001.JPEG,16
001002.JPEG,10
001003.JPEG,10
001004.JPEG,4
001005.JPEG,10
001006.JPEG,5
001007.JPEG,10
001008.JPEG,1
001009.JPEG,6
001010.JPEG,15
001011.JPEG,15
001012.JPEG,20
001013.JPEG,6
001014.JPEG,5
001015.JPEG,2
001016.JPEG,20
001017.JPEG,6
001018.JPEG,17
001019.JPEG,2
001020.JPEG,9
001021.JPEG,5
001022.JPEG,19
001023.JPEG,3
001024.JPEG,19
001025.JPEG,4
001026.JPEG,7
001027.JPEG,12
001028.JPEG,9
001029.JPEG,19
001030.JPEG,18
001031.JPEG,12
001032.JPEG,5
001033.JPEG,20
001034.JPEG,5
001035.JPEG,5
001036.JPEG,13
001037.JPEG,10
001038.JPEG,5
001039.JPEG,17
001040.JPEG,17
001041.JPEG,15
001042.JPEG,0
001043.JPEG,7
001044.JPEG,7
001045.JPEG,14
001046.JPEG,7
001047.JPEG,18
001048.JPEG,19
001049.JPEG,1
001050.JPEG,0
001051.JPEG,16
001052.JPEG,3
001053.JPEG,15
001054.JPEG,9
001055.JPEG,19
001056.JPEG,7
001057.JPEG,1
001058.JPEG,7
001059.JPEG,17
001060.JPEG,1
001061.JPEG,20
001062.JPEG,1
001063.JPEG,5
001064.JPEG,14
001065.JPEG,2
001066.JPEG,16
001067.JPEG,14
001068.JPEG,9
001069.JPEG,1
001070.JPEG,6
001071.JPEG,0
001072.JPEG,17
001073.JPEG,5
001074.JPEG,18
001075.JPEG,13
001076.JPEG,7
001077.JPEG,15
001078.JPEG,7
001079.JPEG,18
001080.JPEG,20
001081.JPEG,8
001082.JPEG,17
001083.JPEG,13
001084.JPEG,14
001085.JPEG,1
001086.JPEG,13
001087.JPEG,9
001088.JPEG,12
001089.JPEG,10
001090.JPEG,15
001091.JPEG,18
001092.JPEG,9
001093.JPEG,14
001094.JPEG,1
001095.JPEG,5
001096.JPEG,1
001097.JPEG,2
001098.JPEG,0
001099.JPEG,20
001100.JPEG,7
001101.JPEG,2
001102.JPEG,20
001103.JPEG,4
001104.JPEG,7
001105.JPEG,12
001106.JPEG,2
001107.JPEG,14
001108.JPEG,0
001109.JPEG,15
001110.JPEG,14
001111.JPEG,9
001112.JPEG,2
001113.JPEG,0
001114.JPEG,3
001115.JPEG,3
001116.JPEG,10
001117.JPEG,10
001118.JPEG,8
001119.JPEG,16
001120.JPEG,18
001121.JPEG,2
001122.JPEG,18
001123.JPEG,14
001124.JPEG,13
001125.JPEG,1
001126.JPEG,3
001127.JPEG,20
001128.JPEG,6
001129.JPEG,15
001130.JPEG,2
001131.JPEG,0
001132.JPEG,7
001133.JPEG,14
001134.JPEG,16
001135.JPEG,12
001136.JPEG,19
001137.JPEG,14
001138.JPEG,11
001139.JPEG,6
001140.JPEG,14
001141.JPEG,3
001142.JPEG,4
001143.JPEG,19
001144.JPEG,19
001145.JPEG,15
001146.JPEG,6
001147.JPEG,0
001148.JPEG,2
001149.JPEG,3
001150.JPEG,4
001151.JPEG,1
001152.JPEG,19
001153.JPEG,11
001154.JPEG,12
001155.JPEG,14
001156.JPEG,4
001157.JPEG,20
001158.JPEG,19
001159.JPEG,9
001160.JPEG,18
001161.JPEG,11
001162.JPEG,17
001163.JPEG,12
001164.JPEG,16
001165.JPEG,18
001166.JPEG,1
001167.JPEG,19
001168.JPEG,19
001169.JPEG,3
001170.JPEG,10
001171.JPEG,11
001172.JPEG,3
001173.JPEG,4
001174.JPEG,9
001175.JPEG,7
001176.JPEG,4
001177.JPEG,3
001178.JPEG,4
001179.JPEG,14
001180.JPEG,2
001181.JPEG,18
001182.JPEG,5
001183.JPEG,1
001184.JPEG,20
001185.JPEG,8
001186.JPEG,1
001187.JPEG,4
001188.JPEG,3
001189.JPEG,7
001190.JPEG,19
001191.JPEG,5
001192.JPEG,6
001193.JPEG,18
001194.JPEG,15
001195.JPEG,13
001196.JPEG,6
001197.JPEG,13
001198.JPEG,7
001199.JPEG,19
001200.JPEG,10
001201.JPEG,20
001202.JPEG,9
001203.JPEG,14
001204.JPEG,19
001205.JPEG,8
001206.JPEG,19
001207.JPEG,2
001208.JPEG,12
001209.JPEG,11
001210.JPEG,20
001211.JPEG,16
001212.JPEG,0
001213.JPEG,17
001214.JPEG,3
001215.JPEG,10
001216.JPEG,14
001217.JPEG,19
001218.JPEG,7
001219.JPEG,3
001220.JPEG,17
001221.JPEG,8
001222.JPEG,6
001223.JPEG,3
001224.JPEG,0
001225.JPEG,4
001226.JPEG,0
001227.JPEG,8
001228.JPEG,2
001229.JPEG,2
001230.JPEG,8
001231.JPEG,1
001232.JPEG,16
001233.JPEG,14
001234.JPEG,13
001235.JPEG,7
001236.JPEG,1
001237.JPEG,7
001238.JPEG,12
001239.JPEG,18
001240.JPEG,1
001241.JPEG,17
001242.JPEG,19
001243.JPEG,13
001244.JPEG,6
001245.JPEG,20
001246.JPEG,9
001247.JPEG,12
001248.JPEG,4
001249.JPEG,10
001250.JPEG,7
001251.JPEG,7
001252.JPEG,7
001253.JPEG,8
001254.JPEG,9
001255.JPEG,5
001256.JPEG,20
001257.JPEG,8
001258.JPEG,18
001259.JPEG,10
001260.JPEG,2
001261.JPEG,5
001262.JPEG,17
001263.JPEG,11
001264.JPEG,19
001265.JPEG,7
001266.JPEG,0
001267.JPEG,3
001268.JPEG,4
001269.JPEG,20
001270.JPEG,6
001271.JPEG,0
001272.JPEG,12
001273.JPEG,0
001274.JPEG,6
001275.JPEG,5
001276.JPEG,4
001277.JPEG,16
001278.JPEG,1
001279.JPEG,8
001280.JPEG,8
001281.JPEG,6
001282.JPEG,12
001283.JPEG,13
001284.JPEG,3
001285.JPEG,17
001286.JPEG,8
001287.JPEG,2
001288.JPEG,13
001289.JPEG,7
001290.JPEG,10
001291.JPEG,11
001292.JPEG,13
001293.JPEG,5
001294.JPEG,17
001295.JPEG,16
001296.JPEG,3
001297.JPEG,2
001298.JPEG,12
001299.JPEG,13
001300.JPEG,8
001301.JPEG,13
001302.JPEG,2
001303.JPEG,15
001304.JPEG,8
001305.JPEG,11
001306.JPEG,3
001307.JPEG,15
001308.JPEG,5
001309.JPEG,20
001310.JPEG,14
001311.JPEG,4
001312.JPEG,15
001313.JPEG,18
001314.JPEG,2
001315.JPEG,15
001316.JPEG,12
001317.JPEG,13
001318.JPEG,0
001319.JPEG,18
001320.JPEG,3
001321.JPEG,14
001322.JPEG,17
001323.JPEG,11
001324.JPEG,20
001325.JPEG,11
001326.JPEG,12
001327.JPEG,15
001328.JPEG,15
001329.JPEG,18
001330.JPEG,12
001331.JPEG,9
001332.JPEG,8
001333.JPEG,6
001334.JPEG,1
001335.JPEG,0
001336.JPEG,8
001337.JPEG,5
001338.JPEG,1
001339.JPEG,5
001340.JPEG,12
001341.JPEG,17
001342.JPEG,20
001343.JPEG,18
001344.JPEG,18
001345.JPEG,9
001346.JPEG,0
001347.JPEG,2
001348.JPEG,11
001349.JPEG,16
001350.JPEG,6
001351.JPEG,10
001352.JPEG,1
001353.JPEG,16
001354.JPEG,0
001355.JPEG,3
001356.JPEG,1
001357.JPEG,8
001358.JPEG,7
001359.JPEG,2
001360.JPEG,14
001361.JPEG,1
001362.JPEG,18
001363.JPEG,15
001364.JPEG,6
001365.JPEG,12
001366.JPEG,12
001367.JPEG,19
001368.JPEG,5
001369.JPEG,15
001370.JPEG,3
001371.JPEG,15
001372.JPEG,6
001373.JPEG,14
001374.JPEG,19
001375.JPEG,13
001376.JPEG,14
001377.JPEG,4
001378.JPEG,7
001379.JPEG,0
001380.JPEG,4
001381.JPEG,11
001382.JPEG,11
001383.JPEG,2
001384.JPEG,8
001385.JPEG,7
001386.JPEG,14
001387.JPEG,2
001388.JPEG,8
001389.JPEG,4
001390.JPEG,18
001391.JPEG,4
001392.JPEG,2
001393.JPEG,12
001394.JPEG,16
001395.JPEG,7
001396.JPEG,8
001397.JPEG,13
001398.JPEG,7
001399.JPEG,14
001400.JPEG,13
001401.JPEG,5
001402.JPEG,4
001403.JPEG,17
001404.JPEG,20
001405.JPEG,15
001406.JPEG,18
001407.JPEG,19
001408.JPEG,15
001409.JPEG,7
001410.JPEG,4
001411.JPEG,8
001412.JPEG,4
001413.JPEG,14
001414.JPEG,20
001415.JPEG,15
001416.JPEG,1
001417.JPEG,13
001418.JPEG,3
001419.JPEG,13
001420.JPEG,20
001421.JPEG,5
001422.JPEG,6
001423.JPEG,18
001424.JPEG,18
001425.JPEG,3
001426.JPEG,8
001427.JPEG,1
001428.JPEG,2
001429.JPEG,8
001430.JPEG,12
001431.JPEG,9
001432.JPEG,7
001433.JPEG,6
001434.JPEG,17
001435.JPEG,5
001436.JPEG,18
001437.JPEG,12
001438.JPEG,0
001439.JPEG,4
001440.JPEG,16
001441.JPEG,11
001442.JPEG,5
001443.JPEG,0
001444.JPEG,13
001445.JPEG,11
001446.JPEG,5
001447.JPEG,2
001448.JPEG,3
001449.JPEG,8
001450.JPEG,5
001451.JPEG,16
001452.JPEG,1
001453.JPEG,8
001454.JPEG,4
001455.JPEG,11
001456.JPEG,15
001457.JPEG,20
001458.JPEG,7
001459.JPEG,2
001460.JPEG,18
001461.JPEG,2
001462.JPEG,18
001463.JPEG,20
001464.JPEG,6
001465.JPEG,16
001466.JPEG,5
001467.JPEG,16
001468.JPEG,16
001469.JPEG,17
001470.JPEG,3
001471.JPEG,14
001472.JPEG,16
001473.JPEG,18
001474.JPEG,17
001475.JPEG,12
001476.JPEG,4
001477.JPEG,2
001478.JPEG,6
001479.JPEG,16
001480.JPEG,8
001481.JPEG,7
001482.JPEG,20
001483.JPEG,19
001484.JPEG,12
001485.JPEG,18
001486.JPEG,8
001487.JPEG,16
001488.JPEG,10
001489.JPEG,7
001490.JPEG,19
001491.JPEG,11
001492.JPEG,16
001493.JPEG,6
001494.JPEG,4
001495.JPEG,8
001496.JPEG,13
001497.JPEG,18
001498.JPEG,15
001499.JPEG,17
001500.JPEG,14
001501.JPEG,6
001502.JPEG,0
001503.JPEG,1
001504.JPEG,8
001505.JPEG,3
001506.JPEG,11
001507.JPEG,1
001508.JPEG,11
001509.JPEG,6
001510.JPEG,10
001511.JPEG,17
001512.JPEG,15
001513.JPEG,2
001514.JPEG,1
001515.JPEG,7
001516.JPEG,7
001517.JPEG,20
001518.JPEG,9
001519.JPEG,17
001520.JPEG,16
001521.JPEG,8
001522.JPEG,14
001523.JPEG,15
001524.JPEG,7
001525.JPEG,18
001526.JPEG,20
001527.JPEG,2
001528.JPEG,3
001529.JPEG,18
001530.JPEG,9
001531.JPEG,18
001532.JPEG,18
001533.JPEG,2
001534.JPEG,5
001535.JPEG,3
001536.JPEG,2
001537.JPEG,4
001538.JPEG,3
001539.JPEG,15
001540.JPEG,8
001541.JPEG,7
001542.JPEG,14
001543.JPEG,3
001544.JPEG,19
001545.JPEG,5
001546.JPEG,1
001547.JPEG,1
001548.JPEG,8
001549.JPEG,3
001550.JPEG,8
001551.JPEG,14
001552.JPEG,1
001553.JPEG,12
001554.JPEG,20
001555.JPEG,13
001556.JPEG,12
001557.JPEG,3
001558.JPEG,17
001559.JPEG,12
001560.JPEG,14
001561.JPEG,2
001562.JPEG,7
001563.JPEG,2
001564.JPEG,6
001565.JPEG,5
001566.JPEG,20
001567.JPEG,3
001568.JPEG,14
001569.JPEG,9
001570.JPEG,6
001571.JPEG,3
001572.JPEG,8
001573.JPEG,15
001574.JPEG,17
001575.JPEG,4
001576.JPEG,7
001577.JPEG,3
001578.JPEG,13
001579.JPEG,14
001580.JPEG,19
001581.JPEG,3
001582.JPEG,6
001583.JPEG,1
001584.JPEG,9
001585.JPEG,12
001586.JPEG,14
001587.JPEG,0
001588.JPEG,3
001589.JPEG,3
001590.JPEG,6
001591.JPEG,3
001592.JPEG,8
001593.JPEG,0
001594.JPEG,0
001595.JPEG,6
001596.JPEG,14
001597.JPEG,0
001598.JPEG,2
001599.JPEG,16
001600.JPEG,15
001601.JPEG,17
001602.JPEG,15
001603.JPEG,8
001604.JPEG,13
001605.JPEG,15
001606.JPEG,2
001607.JPEG,14
001608.JPEG,3
001609.JPEG,12
001610.JPEG,18
001611.JPEG,4
001612.JPEG,19
001613.JPEG,9
001614.JPEG,13
001615.JPEG,7
001616.JPEG,16
001617.JPEG,12
001618.JPEG,6
001619.JPEG,19
001620.JPEG,8
001621.JPEG,2
001622.JPEG,1
001623.JPEG,9
001624.JPEG,5
001625.JPEG,16
001626.JPEG,18
001627.JPEG,16
001628.JPEG,7
001629.JPEG,3
001630.JPEG,17
001631.JPEG,7
001632.JPEG,10
001633.JPEG,16
001634.JPEG,18
001635.JPEG,7
001636.JPEG,7
001637.JPEG,3
001638.JPEG,13
001639.JPEG,8
001640.JPEG,0
001641.JPEG,18
001642.JPEG,4
001643.JPEG,6
001644.JPEG,7
001645.JPEG,17
001646.JPEG,18
001647.JPEG,20
001648.JPEG,9
001649.JPEG,13
001650.JPEG,20
001651.JPEG,0
001652.JPEG,10
001653.JPEG,2
001654.JPEG,7
001655.JPEG,17
001656.JPEG,16
001657.JPEG,12
001658.JPEG,10
001659.JPEG,15
001660.JPEG,18
001661.JPEG,19
001662.JPEG,4
001663.JPEG,11
001664.JPEG,20
001665.JPEG,14
001666.JPEG,13
001667.JPEG,20
001668.JPEG,6
001669.JPEG,3
001670.JPEG,1
001671.JPEG,11
001672.JPEG,1
001673.JPEG,18
001674.JPEG,4
001675.JPEG,16
001676.JPEG,15
001677.JPEG,6
001678.JPEG,3
001679.JPEG,0
001680.JPEG,20
001681.JPEG,2
001682.JPEG,18
001683.JPEG,0
001684.JPEG,19
001685.JPEG,18
001686.JPEG,16
001687.JPEG,17
001688.JPEG,14
001689.JPEG,4
001690.JPEG,19
001691.JPEG,13
001692.JPEG,19
001693.JPEG,16
001694.JPEG,2
001695.JPEG,1
001696.JPEG,8
001697.JPEG,15
001698.JPEG,10
001699.JPEG,0
001700.JPEG,5
001701.JPEG,13
001702.JPEG,16
001703.JPEG,20
001704.JPEG,2
001705.JPEG,12
001706.JPEG,18
001707.JPEG,13
001708.JPEG,12
001709.JPEG,0
001710.JPEG,17
001711.JPEG,4
001712.JPEG,0
001713.JPEG,10
001714.JPEG,15
001715.JPEG,3
001716.JPEG,19
001717.JPEG,8
001718.JPEG,1
001719.JPEG,1
001720.JPEG,18
001721.JPEG,18
001722.JPEG,6
001723.JPEG,18
001724.JPEG,4
001725.JPEG,1
001726.JPEG,8
001727.JPEG,13
001728.JPEG,12
001729.JPEG,0
001730.JPEG,11
001731.JPEG,4
001732.JPEG,4
001733.JPEG,5
001734.JPEG,16
001735.JPEG,16
001736.JPEG,19
001737.JPEG,16
001738.JPEG,17
001739.JPEG,18
001740.JPEG,15
001741.JPEG,10
001742.JPEG,5
001743.JPEG,8
001744.JPEG,19
001745.JPEG,15
001746.JPEG,0
001747.JPEG,14
001748.JPEG,7
001749.JPEG,19
001750.JPEG,7
001751.JPEG,6
001752.JPEG,7
001753.JPEG,7
001754.JPEG,4
001755.JPEG,19
001756.JPEG,8
001757.JPEG,0
001758.JPEG,18
001759.JPEG,5
001760.JPEG,7
001761.JPEG,18
001762.JPEG,5
001763.JPEG,9
001764.JPEG,2
001765.JPEG,17
001766.JPEG,12
001767.JPEG,8
001768.JPEG,4
001769.JPEG,13
001770.JPEG,20
001771.JPEG,10
001772.JPEG,20
001773.JPEG,15
001774.JPEG,3
001775.JPEG,4
001776.JPEG,14
001777.JPEG,20
001778.JPEG,16
001779.JPEG,19
001780.JPEG,2
001781.JPEG,16
001782.JPEG,0
001783.JPEG,18
001784.JPEG,2
001785.JPEG,9
001786.JPEG,20
001787.JPEG,3
001788.JPEG,16
001789.JPEG,11
001790.JPEG,16
001791.JPEG,20
001792.JPEG,15
001793.JPEG,17
001794.JPEG,1
001795.JPEG,4
001796.JPEG,5
001797.JPEG,3
001798.JPEG,18
001799.JPEG,3
001800.JPEG,8
001801.JPEG,7
001802.JPEG,13
001803.JPEG,10
001804.JPEG,18
001805.JPEG,7
001806.JPEG,15
001807.JPEG,0
001808.JPEG,1
001809.JPEG,15
001810.JPEG,4
001811.JPEG,20
001812.JPEG,4
001813.JPEG,15
001814.JPEG,1
001815.JPEG,20
001816.JPEG,16
001817.JPEG,16
001818.JPEG,8
001819.JPEG,14
001820.JPEG,13
001821.JPEG,2
001822.JPEG,11
001823.JPEG,15
001824.JPEG,10
001825.JPEG,6
001826.JPEG,3
001827.JPEG,11
001828.JPEG,0
001829.JPEG,16
001830.JPEG,0
001831.JPEG,20
001832.JPEG,3
001833.JPEG,1
001834.JPEG,4
001835.JPEG,16
001836.JPEG,12
001837.JPEG,2
001838.JPEG,12
001839.JPEG,0
001840.JPEG,7
001841.JPEG,8
001842.JPEG,8
001843.JPEG,7
001844.JPEG,4
001845.JPEG,17
001846.JPEG,19
001847.JPEG,14
001848.JPEG,12
001849.JPEG,15
001850.JPEG,3
001851.JPEG,8
001852.JPEG,5
001853.JPEG,11
001854.JPEG,0
001855.JPEG,14
001856.JPEG,6
001857.JPEG,12
001858.JPEG,20
001859.JPEG,15
001860.JPEG,18
001861.JPEG,4
001862.JPEG,5
001863.JPEG,5
001864.JPEG,17
001865.JPEG,5
001866.JPEG,4
001867.JPEG,14
001868.JPEG,9
001869.JPEG,17
001870.JPEG,12
001871.JPEG,13
001872.JPEG,8
001873.JPEG,5
001874.JPEG,18
001875.JPEG,7
001876.JPEG,4
001877.JPEG,10
001878.JPEG,18
001879.JPEG,1
001880.JPEG,6
001881.JPEG,16
001882.JPEG,8
001883.JPEG,4
001884.JPEG,3
001885.JPEG,6
001886.JPEG,12
001887.JPEG,17
001888.JPEG,6
001889.JPEG,7
001890.JPEG,19
001891.JPEG,10
001892.JPEG,18
001893.JPEG,11
001894.JPEG,14
001895.JPEG,3
001896.JPEG,13
001897.JPEG,12
001898.JPEG,20
001899.JPEG,13
001900.JPEG,16
001901.JPEG,1
001902.JPEG,6
001903.JPEG,1
001904.JPEG,2
001905.JPEG,11
001906.JPEG,0
001907.JPEG,11
001908.JPEG,3
001909.JPEG,6
001910.JPEG,13
001911.JPEG,18
001912.JPEG,18
001913.JPEG,11
001914.JPEG,12
001915.JPEG,10
001916.JPEG,7
001917.JPEG,12
001918.JPEG,0
001919.JPEG,8
001920.JPEG,7
001921.JPEG,8
001922.JPEG,1
001923.JPEG,5
001924.JPEG,1
001925.JPEG,18
001926.JPEG,15
001927.JPEG,2
001928.JPEG,4
001929.JPEG,10
001930.JPEG,8
001931.JPEG,20
001932.JPEG,3
001933.JPEG,0
001934.JPEG,19
001935.JPEG,10
001936.JPEG,8
001937.JPEG,1
001938.JPEG,8
001939.JPEG,14
001940.JPEG,3
001941.JPEG,0
001942.JPEG,18
001943.JPEG,0
001944.JPEG,20
001945.JPEG,18
001946.JPEG,17
001947.JPEG,12
001948.JPEG,18
001949.JPEG,14
001950.JPEG,0
001951.JPEG,3
001952.JPEG,6
001953.JPEG,12
001954.JPEG,0
001955.JPEG,3
001956.JPEG,17
001957.JPEG,1
001958.JPEG,8
001959.JPEG,19
001960.JPEG,12
001961.JPEG,1
001962.JPEG,18
001963.JPEG,16
001964.JPEG,15
001965.JPEG,18
001966.JPEG,19
001967.JPEG,20
001968.JPEG,10
001969.JPEG,11
001970.JPEG,7
001971.JPEG,7
001972.JPEG,5
001973.JPEG,8
001974.JPEG,4
001975.JPEG,7
001976.JPEG,7
001977.JPEG,19
001978.JPEG,7
001979.JPEG,17
001980.JPEG,18
001981.JPEG,5
001982.JPEG,10
001983.JPEG,5
001984.JPEG,11
001985.JPEG,6
001986.JPEG,17
001987.JPEG,12
001988.JPEG,13
001989.JPEG,14
001990.JPEG,4
001991.JPEG,12
001992.JPEG,16
001993.JPEG,11
001994.JPEG,10
001995.JPEG,3
001996.JPEG,7
001997.JPEG,9
001998.JPEG,12
001999.JPEG,20
002000.JPEG,13
002001.JPEG,7
002002.JPEG,13
002003.JPEG,9
002004.JPEG,14
002005.JPEG,0
002006.JPEG,15
002007.JPEG,17
002008.JPEG,7
002009.JPEG,16
002010.JPEG,12
002011.JPEG,12
002012.JPEG,13
002013.JPEG,1
002014.JPEG,4
002015.JPEG,14
002016.JPEG,2
002017.JPEG,19
002018.JPEG,2
002019.JPEG,17
002020.JPEG,3
002021.JPEG,9
002022.JPEG,6
002023.JPEG,17
002024.JPEG,12
002025.JPEG,15
002026.JPEG,7
002027.JPEG,9
002028.JPEG,15
002029.JPEG,6
002030.JPEG,4
002031.JPEG,8
002032.JPEG,17
002033.JPEG,11
002034.JPEG,0
002035.JPEG,1
002036.JPEG,7
002037.JPEG,18
002038.JPEG,5
002039.JPEG,5
002040.JPEG,20
002041.JPEG,9
002042.JPEG,3
002043.JPEG,9
002044.JPEG,13
002045.JPEG,6
002046.JPEG,2
002047.JPEG,9
002048.JPEG,18
002049.JPEG,0
002050.JPEG,16
002051.JPEG,3
002052.JPEG,5
002053.JPEG,0
002054.JPEG,5
002055.JPEG,0
002056.JPEG,0
002057.JPEG,4
002058.JPEG,8
002059.JPEG,17
002060.JPEG,5
002061.JPEG,9
002062.JPEG,13
002063.JPEG,11
002064.JPEG,1
002065.JPEG,0
002066.JPEG,10
002067.JPEG,5
002068.JPEG,4
002069.JPEG,9
002070.JPEG,4
002071.JPEG,9
002072.JPEG,18
002073.JPEG,18
002074.JPEG,5
002075.JPEG,15
002076.JPEG,9
002077.JPEG,2
002078.JPEG,10
002079.JPEG,0
002080.JPEG,1
002081.JPEG,20
002082.JPEG,7
002083.JPEG,16
002084.JPEG,5
002085.JPEG,14
002086.JPEG,8
002087.JPEG,7
002088.JPEG,2
002089.JPEG,18
002090.JPEG,7
002091.JPEG,13
002092.JPEG,4
002093.JPEG,13
002094.JPEG,16
002095.JPEG,11
002096.JPEG,18
002097.JPEG,0
002098.JPEG,0
002099.JPEG,3
002100.JPEG,18
002101.JPEG,1
002102.JPEG,16
002103.JPEG,3
002104.JPEG,4
002105.JPEG,4
002106.JPEG,13
002107.JPEG,17
002108.JPEG,14
002109.JPEG,16
002110.JPEG,7
002111.JPEG,7
002112.JPEG,11
002113.JPEG,16
002114.JPEG,12
002115.JPEG,9
002116.JPEG,18
002117.JPEG,9
002118.JPEG,14
002119.JPEG,2
002120.JPEG,19
002121.JPEG,3
002122.JPEG,6
002123.JPEG,20
002124.JPEG,6
002125.JPEG,8
002126.JPEG,2
002127.JPEG,0
002128.JPEG,19
002129.JPEG,16
002130.JPEG,0
002131.JPEG,20
002132.JPEG,7
002133.JPEG,13
002134.JPEG,6
002135.JPEG,6
002136.JPEG,4
002137.JPEG,18
002138.JPEG,7
002139.JPEG,0
002140.JPEG,3
002141.JPEG,15
002142.JPEG,14
002143.JPEG,18
002144.JPEG,20
002145.JPEG,10
002146.JPEG,12
002147.JPEG,4
002148.JPEG,4
002149.JPEG,13
002150.JPEG,6
002151.JPEG,5
002152.JPEG,7
002153.JPEG,17
002154.JPEG,0
002155.JPEG,1
002156.JPEG,2
002157.JPEG,19
002158.JPEG,20
002159.JPEG,9
002160.JPEG,0
002161.JPEG,4
002162.JPEG,17
002163.JPEG,11
002164.JPEG,0
002165.JPEG,3
002166.JPEG,11
002167.JPEG,19
002168.JPEG,1
002169.JPEG,7
002170.JPEG,4
002171.JPEG,19
002172.JPEG,8
002173.JPEG,1
002174.JPEG,8
002175.JPEG,19
002176.JPEG,19
002177.JPEG,9
002178.JPEG,17
002179.JPEG,13
002180.JPEG,15
002181.JPEG,13
002182.JPEG,10
002183.JPEG,7
002184.JPEG,18
002185.JPEG,1
002186.JPEG,4
002187.JPEG,18
002188.JPEG,13
002189.JPEG,16
002190.JPEG,18
002191.JPEG,20
002192.JPEG,13
002193.JPEG,18
002194.JPEG,7
002195.JPEG,9
002196.JPEG,20
002197.JPEG,11
002198.JPEG,1
002199.JPEG,14
002200.JPEG,5
002201.JPEG,4
002202.JPEG,8
002203.JPEG,20
002204.JPEG,18
002205.JPEG,15
002206.JPEG,3
002207.JPEG,12
002208.JPEG,7
002209.JPEG,10
002210.JPEG,1
002211.JPEG,15
002212.JPEG,9
002213.JPEG,2
002214.JPEG,14
002215.JPEG,2
002216.JPEG,18
002217.JPEG,17
002218.JPEG,18
002219.JPEG,11
002220.JPEG,16
002221.JPEG,1
002222.JPEG,11
002223.JPEG,16
002224.JPEG,13
002225.JPEG,15
002226.JPEG,19
002227.JPEG,13
002228.JPEG,1
002229.JPEG,12
002230.JPEG,20
002231.JPEG,13
002232.JPEG,12
002233.JPEG,8
002234.JPEG,0
002235.JPEG,17
002236.JPEG,7
002237.JPEG,1
002238.JPEG,19
002239.JPEG,19
002240.JPEG,20
002241.JPEG,0
002242.JPEG,14
002243.JPEG,9
002244.JPEG,9
002245.JPEG,2
002246.JPEG,11
002247.JPEG,19
002248.JPEG,19
002249.JPEG,6
002250.JPEG,2
002251.JPEG,7
002252.JPEG,15
002253.JPEG,15
002254.JPEG,17
002255.JPEG,1
002256.JPEG,19
002257.JPEG,18
002258.JPEG,1
002259.JPEG,16
002260.JPEG,5
002261.JPEG,16
002262.JPEG,10
002263.JPEG,14
002264.JPEG,2
002265.JPEG,19
002266.JPEG,18
002267.JPEG,12
002268.JPEG,8
002269.JPEG,7
002270.JPEG,9
002271.JPEG,19
002272.JPEG,19
002273.JPEG,12
002274.JPEG,0
002275.JPEG,0
002276.JPEG,14
002277.JPEG,6
002278.JPEG,11
002279.JPEG,5
002280.JPEG,6
002281.JPEG,3
002282.JPEG,5
002283.JPEG,1
002284.JPEG,20
002285.JPEG,4
002286.JPEG,0
002287.JPEG,20
002288.JPEG,1
002289.JPEG,8
002290.JPEG,6
002291.JPEG,17
002292.JPEG,8
002293.JPEG,9
002294.JPEG,0
002295.JPEG,2
002296.JPEG,20
002297.JPEG,7
002298.JPEG,15
002299.JPEG,11
002300.JPEG,18
002301.JPEG,0
002302.JPEG,15
002303.JPEG,2
002304.JPEG,20
002305.JPEG,3
002306.JPEG,16
002307.JPEG,5
002308.JPEG,14
002309.JPEG,9
002310.JPEG,15
002311.JPEG,2
002312.JPEG,0
002313.JPEG,12
002314.JPEG,18
002315.JPEG,12
002316.JPEG,4
002317.JPEG,20
002318.JPEG,3
002319.JPEG,8
002320.JPEG,8
002321.JPEG,7
002322.JPEG,18
002323.JPEG,9
002324.JPEG,3
002325.JPEG,4
002326.JPEG,15
002327.JPEG,12
002328.JPEG,17
002329.JPEG,20
002330.JPEG,14
002331.JPEG,20
002332.JPEG,13
002333.JPEG,7
002334.JPEG,0
002335.JPEG,5
002336.JPEG,19
002337.JPEG,14
002338.JPEG,6
002339.JPEG,11
002340.JPEG,3
002341.JPEG,1
002342.JPEG,15
002343.JPEG,13
002344.JPEG,16
002345.JPEG,20
002346.JPEG,3
002347.JPEG,3
002348.JPEG,7
002349.JPEG,0
002350.JPEG,6
002351.JPEG,1
002352.JPEG,0
002353.JPEG,0
002354.JPEG,15
002355.JPEG,0
002356.JPEG,15
002357.JPEG,6
002358.JPEG,15
002359.JPEG,14
002360.JPEG,19
002361.JPEG,5
002362.JPEG,8
002363.JPEG,16
002364.JPEG,11
002365.JPEG,3
002366.JPEG,16
002367.JPEG,14
002368.JPEG,18
002369.JPEG,1
002370.JPEG,6
002371.JPEG,17
002372.JPEG,19
002373.JPEG,12
002374.JPEG,5
002375.JPEG,17
002376.JPEG,4
002377.JPEG,17
002378.JPEG,20
002379.JPEG,16
002380.JPEG,14
002381.JPEG,9
002382.JPEG,13
002383.JPEG,6
002384.JPEG,16
002385.JPEG,15
002386.JPEG,8
002387.JPEG,19
002388.JPEG,15
002389.JPEG,0
002390.JPEG,12
002391.JPEG,8
002392.JPEG,17
002393.JPEG,17
002394.JPEG,2
002395.JPEG,0
002396.JPEG,20
002397.JPEG,3
002398.JPEG,8
002399.JPEG,18
002400.JPEG,14
002401.JPEG,11
002402.JPEG,20
002403.JPEG,12
002404.JPEG,11
002405.JPEG,16
002406.JPEG,15
002407.JPEG,2
002408.JPEG,4
002409.JPEG,1
002410.JPEG,15
002411.JPEG,9
002412.JPEG,8
002413.JPEG,5
002414.JPEG,8
002415.JPEG,7
002416.JPEG,10
002417.JPEG,16
002418.JPEG,7
002419.JPEG,0
002420.JPEG,6
002421.JPEG,17
002422.JPEG,8
002423.JPEG,15
002424.JPEG,5
002425.JPEG,13
002426.JPEG,12
002427.JPEG,9
002428.JPEG,2
002429.JPEG,4
002430.JPEG,5
002431.JPEG,5
002432.JPEG,17
002433.JPEG,14
002434.JPEG,0
002435.JPEG,4
002436.JPEG,16
002437.JPEG,15
002438.JPEG,20
002439.JPEG,12
002440.JPEG,17
002441.JPEG,8
002442.JPEG,14
002443.JPEG,15
002444.JPEG,3
002445.JPEG,12
002446.JPEG,13
002447.JPEG,6
002448.JPEG,18
002449.JPEG,17
002450.JPEG,12
002451.JPEG,3
002452.JPEG,18
002453.JPEG,2
002454.JPEG,9
002455.JPEG,13
002456.JPEG,15
002457.JPEG,6
002458.JPEG,9
002459.JPEG,4
002460.JPEG,12
002461.JPEG,2
002462.JPEG,19
002463.JPEG,20
002464.JPEG,18
002465.JPEG,16
002466.JPEG,1
002467.JPEG,2
002468.JPEG,4
002469.JPEG,9
002470.JPEG,4
002471.JPEG,4
002472.JPEG,7
002473.JPEG,10
002474.JPEG,8
002475.JPEG,16
002476.JPEG,15
002477.JPEG,18
002478.JPEG,0
002479.JPEG,8
002480.JPEG,14
002481.JPEG,4
002482.JPEG,15
002483.JPEG,6
002484.JPEG,3
002485.JPEG,8
002486.JPEG,12
002487.JPEG,3
002488.JPEG,4
002489.JPEG,10
002490.JPEG,7
002491.JPEG,12
002492.JPEG,9
002493.JPEG,7
002494.JPEG,7
002495.JPEG,1
002496.JPEG,13
002497.JPEG,6
002498.JPEG,11
002499.JPEG,18
002500.JPEG,3
002501.JPEG,3
002502.JPEG,15
002503.JPEG,5
002504.JPEG,6
002505.JPEG,8
002506.JPEG,6
002507.JPEG,7
002508.JPEG,4
002509.JPEG,16
002510.JPEG,9
002511.JPEG,16
002512.JPEG,14
002513.JPEG,9
002514.JPEG,20
002515.JPEG,7
002516.JPEG,7
002517.JPEG,3
002518.JPEG,8
002519.JPEG,1
002520.JPEG,11
002521.JPEG,11
002522.JPEG,18
002523.JPEG,4
002524.JPEG,1
002525.JPEG,9
002526.JPEG,2
002527.JPEG,14
002528.JPEG,7
002529.JPEG,15
002530.JPEG,13
002531.JPEG,8
002532.JPEG,6
002533.JPEG,13
002534.JPEG,20
002535.JPEG,15
002536.JPEG,11
002537.JPEG,16
002538.JPEG,7
002539.JPEG,15
002540.JPEG,12
002541.JPEG,17
002542.JPEG,15
002543.JPEG,0
002544.JPEG,12
002545.JPEG,16
002546.JPEG,9
002547.JPEG,15
002548.JPEG,9
002549.JPEG,19
002550.JPEG,16
002551.JPEG,14
002552.JPEG,14
002553.JPEG,2
002554.JPEG,18
002555.JPEG,19
002556.JPEG,14
002557.JPEG,14
002558.JPEG,0
002559.JPEG,20
002560.JPEG,11
002561.JPEG,15
002562.JPEG,9
002563.JPEG,3
002564.JPEG,2
002565.JPEG,4
002566.JPEG,9
002567.JPEG,6
002568.JPEG,16
002569.JPEG,0
002570.JPEG,7
002571.JPEG,14
002572.JPEG,18
002573.JPEG,16
002574.JPEG,5
002575.JPEG,10
002576.JPEG,0
002577.JPEG,5
002578.JPEG,12
002579.JPEG,5
002580.JPEG,14
002581.JPEG,14
002582.JPEG,20
002583.JPEG,8
002584.JPEG,18
002585.JPEG,2
002586.JPEG,8
002587.JPEG,0
002588.JPEG,3
002589.JPEG,17
002590.JPEG,1
002591.JPEG,13
002592.JPEG,14
002593.JPEG,4
002594.JPEG,13
002595.JPEG,7
002596.JPEG,8
002597.JPEG,5
002598.JPEG,12
002599.JPEG,12
002600.JPEG,4
002601.JPEG,7
002602.JPEG,12
002603.JPEG,0
002604.JPEG,2
002605.JPEG,0
002606.JPEG,7
002607.JPEG,18
002608.JPEG,7
002609.JPEG,14
002610.JPEG,20
002611.JPEG,14
002612.JPEG,13
002613.JPEG,4
002614.JPEG,12
002615.JPEG,16
002616.JPEG,17
002617.JPEG,11
002618.JPEG,16
002619.JPEG,1
002620.JPEG,14
002621.JPEG,12
002622.JPEG,0
002623.JPEG,16
002624.JPEG,12
002625.JPEG,19
002626.JPEG,14
002627.JPEG,18
002628.JPEG,6
002629.JPEG,10
002630.JPEG,16
002631.JPEG,1
002632.JPEG,5
002633.JPEG,13
002634.JPEG,8
002635.JPEG,16
002636.JPEG,16
002637.JPEG,10
002638.JPEG,2
002639.JPEG,20
002640.JPEG,5
002641.JPEG,5
002642.JPEG,17
002643.JPEG,11
002644.JPEG,18
002645.JPEG,13
002646.JPEG,16
002647.JPEG,3
002648.JPEG,15
002649.JPEG,9
002650.JPEG,7
002651.JPEG,19
002652.JPEG,6
002653.JPEG,1
002654.JPEG,4
002655.JPEG,10
002656.JPEG,12
002657.JPEG,12
002658.JPEG,13
002659.JPEG,11
002660.JPEG,8
002661.JPEG,12
002662.JPEG,7
002663.JPEG,6
002664.JPEG,0
002665.JPEG,13
002666.JPEG,16
002667.JPEG,18
002668.JPEG,12
002669.JPEG,8
002670.JPEG,13
002671.JPEG,12
002672.JPEG,8
002673.JPEG,18
002674.JPEG,3
002675.JPEG,18
002676.JPEG,18
002677.JPEG,17
002678.JPEG,10
002679.JPEG,18
002680.JPEG,3
002681.JPEG,19
002682.JPEG,13
002683.JPEG,12
002684.JPEG,15
002685.JPEG,18
002686.JPEG,5
002687.JPEG,4
002688.JPEG,14
002689.JPEG,15
002690.JPEG,13
002691.JPEG,14
002692.JPEG,7
002693.JPEG,12
002694.JPEG,5
002695.JPEG,13
002696.JPEG,19
002697.JPEG,12
002698.JPEG,1
002699.JPEG,12
002700.JPEG,5
002701.JPEG,2
002702.JPEG,17
002703.JPEG,0
002704.JPEG,4
002705.JPEG,19
002706.JPEG,15
002707.JPEG,6
002708.JPEG,6
002709.JPEG,1
002710.JPEG,13
002711.JPEG,11
002712.JPEG,10
002713.JPEG,5
002714.JPEG,12
002715.JPEG,16
002716.JPEG,9
002717.JPEG,6
002718.JPEG,11
002719.JPEG,9
002720.JPEG,12
002721.JPEG,0
002722.JPEG,9
002723.JPEG,7
002724.JPEG,8
002725.JPEG,7
002726.JPEG,17
002727.JPEG,14
002728.JPEG,8
002729.JPEG,2
002730.JPEG,18
002731.JPEG,4
002732.JPEG,2
002733.JPEG,4
002734.JPEG,19
002735.JPEG,1
002736.JPEG,7
002737.JPEG,19
002738.JPEG,17
002739.JPEG,5
002740.JPEG,16
002741.JPEG,8
002742.JPEG,6
002743.JPEG,4
002744.JPEG,17
002745.JPEG,17
002746.JPEG,8
002747.JPEG,15
002748.JPEG,19
002749.JPEG,14
002750.JPEG,2
002751.JPEG,17
002752.JPEG,3
002753.JPEG,18
002754.JPEG,8
002755.JPEG,16
002756.JPEG,7
002757.JPEG,6
002758.JPEG,1
002759.JPEG,0
002760.JPEG,1
002761.JPEG,9
002762.JPEG,18
002763.JPEG,11
002764.JPEG,0
002765.JPEG,18
002766.JPEG,17
002767.JPEG,10
002768.JPEG,6
002769.JPEG,9
002770.JPEG,3
002771.JPEG,18
002772.JPEG,13
002773.JPEG,5
002774.JPEG,7
002775.JPEG,8
002776.JPEG,16
002777.JPEG,4
002778.JPEG,1
002779.JPEG,19
002780.JPEG,19
002781.JPEG,12
002782.JPEG,20
002783.JPEG,10
002784.JPEG,5
002785.JPEG,13
002786.JPEG,16
002787.JPEG,11
002788.JPEG,8
002789.JPEG,5
002790.JPEG,11
002791.JPEG,16
002792.JPEG,16
002793.JPEG,7
002794.JPEG,20
002795.JPEG,12
002796.JPEG,4
002797.JPEG,19
002798.JPEG,17
002799.JPEG,0
002800.JPEG,2
002801.JPEG,3
002802.JPEG,13
002803.JPEG,6
002804.JPEG,8
002805.JPEG,17
002806.JPEG,18
002807.JPEG,11
002808.JPEG,18
002809.JPEG,11
002810.JPEG,7
002811.JPEG,15
002812.JPEG,0
002813.JPEG,8
002814.JPEG,3
002815.JPEG,10
002816.JPEG,8
002817.JPEG,9
002818.JPEG,12
002819.JPEG,7
002820.JPEG,10
002821.JPEG,14
002822.JPEG,2
002823.JPEG,5
002824.JPEG,16
002825.JPEG,6
002826.JPEG,3
002827.JPEG,2
002828.JPEG,1
002829.JPEG,1
002830.JPEG,1
002831.JPEG,2
002832.JPEG,0
002833.JPEG,10
002834.JPEG,15
002835.JPEG,11
002836.JPEG,5
002837.JPEG,6
002838.JPEG,14
002839.JPEG,5
002840.JPEG,4
002841.JPEG,10
002842.JPEG,5
002843.JPEG,19
002844.JPEG,3
002845.JPEG,18
002846.JPEG,7
002847.JPEG,7
002848.JPEG,13
002849.JPEG,18
002850.JPEG,3
002851.JPEG,6
002852.JPEG,0
002853.JPEG,17
002854.JPEG,18
002855.JPEG,12
002856.JPEG,15
002857.JPEG,10
002858.JPEG,19
002859.JPEG,4
002860.JPEG,14
002861.JPEG,6
002862.JPEG,1
002863.JPEG,15
002864.JPEG,1
002865.JPEG,9
002866.JPEG,16
002867.JPEG,20
002868.JPEG,3
002869.JPEG,17
002870.JPEG,16
002871.JPEG,3
002872.JPEG,18
002873.JPEG,9
002874.JPEG,16
002875.JPEG,2
002876.JPEG,16
002877.JPEG,12
002878.JPEG,5
002879.JPEG,19
002880.JPEG,6
002881.JPEG,6
002882.JPEG,1
002883.JPEG,1
002884.JPEG,13
002885.JPEG,19
002886.JPEG,12
002887.JPEG,18
002888.JPEG,7
002889.JPEG,11
002890.JPEG,16
002891.JPEG,19
002892.JPEG,0
002893.JPEG,12
002894.JPEG,1
002895.JPEG,7
002896.JPEG,5
002897.JPEG,9
002898.JPEG,6
002899.JPEG,6
002900.JPEG,1
002901.JPEG,18
002902.JPEG,5
002903.JPEG,2
002904.JPEG,8
002905.JPEG,19
002906.JPEG,5
002907.JPEG,3
002908.JPEG,10
002909.JPEG,18
002910.JPEG,16
002911.JPEG,20
002912.JPEG,5
002913.JPEG,17
002914.JPEG,0
002915.JPEG,3
002916.JPEG,9
002917.JPEG,5
002918.JPEG,7
002919.JPEG,1
002920.JPEG,12
002921.JPEG,3
002922.JPEG,4
002923.JPEG,2
002924.JPEG,12
002925.JPEG,8
002926.JPEG,19
002927.JPEG,5
002928.JPEG,20
002929.JPEG,7
002930.JPEG,4
002931.JPEG,18
002932.JPEG,19
002933.JPEG,2
002934.JPEG,1
002935.JPEG,14
002936.JPEG,16
002937.JPEG,19
002938.JPEG,2
002939.JPEG,4
002940.JPEG,0
002941.JPEG,10
002942.JPEG,0
002943.JPEG,18
002944.JPEG,0
002945.JPEG,4
002946.JPEG,18
002947.JPEG,1
002948.JPEG,8
002949.JPEG,1
002950.JPEG,9
002951.JPEG,19
002952.JPEG,18
002953.JPEG,20
002954.JPEG,1
002955.JPEG,1
002956.JPEG,18
002957.JPEG,10
002958.JPEG,5
002959.JPEG,17
002960.JPEG,18
002961.JPEG,10
002962.JPEG,15
002963.JPEG,16
002964.JPEG,20
002965.JPEG,11
002966.JPEG,10
002967.JPEG,9
002968.JPEG,0
002969.JPEG,9
002970.JPEG,18
002971.JPEG,11
002972.JPEG,1
002973.JPEG,2
002974.JPEG,11
002975.JPEG,2
002976.JPEG,8
002977.JPEG,2
002978.JPEG,20
002979.JPEG,17
002980.JPEG,18
002981.JPEG,9
002982.JPEG,17
002983.JPEG,20
002984.JPEG,11
002985.JPEG,3
002986.JPEG,3
002987.JPEG,4
002988.JPEG,16
002989.JPEG,20
002990.JPEG,0
002991.JPEG,4
002992.JPEG,5
002993.JPEG,7
002994.JPEG,0
002995.JPEG,15
002996.JPEG,18
002997.JPEG,6
002998.JPEG,13
002999.JPEG,17
003000.JPEG,14
003001.JPEG,1
003002.JPEG,1
003003.JPEG,14
003004.JPEG,8
003005.JPEG,6
003006.JPEG,20
003007.JPEG,19
003008.JPEG,0
003009.JPEG,9
003010.JPEG,4
003011.JPEG,0
003012.JPEG,17
003013.JPEG,6
003014.JPEG,12
003015.JPEG,12
003016.JPEG,0
003017.JPEG,19
003018.JPEG,13
003019.JPEG,0
003020.JPEG,8
003021.JPEG,7
003022.JPEG,14
003023.JPEG,20
003024.JPEG,16
003025.JPEG,17
003026.JPEG,4
003027.JPEG,15
003028.JPEG,13
003029.JPEG,20
003030.JPEG,8
003031.JPEG,20
003032.JPEG,7
003033.JPEG,18
003034.JPEG,16
003035.JPEG,3
003036.JPEG,3
003037.JPEG,18
003038.JPEG,12
003039.JPEG,14
003040.JPEG,8
003041.JPEG,7
003042.JPEG,14
003043.JPEG,4
003044.JPEG,11
003045.JPEG,11
003046.JPEG,4
003047.JPEG,13
003048.JPEG,16
003049.JPEG,10
003050.JPEG,6
003051.JPEG,5
003052.JPEG,12
003053.JPEG,19
003054.JPEG,2
003055.JPEG,14
003056.JPEG,14
003057.JPEG,7
003058.JPEG,14
003059.JPEG,7
003060.JPEG,4
003061.JPEG,7
003062.JPEG,12
003063.JPEG,19
003064.JPEG,11
003065.JPEG,10
003066.JPEG,18
003067.JPEG,9
003068.JPEG,6
003069.JPEG,15
003070.JPEG,18
003071.JPEG,19
003072.JPEG,11
003073.JPEG,12
003074.JPEG,1
003075.JPEG,5
003076.JPEG,3
003077.JPEG,16
003078.JPEG,0
003079.JPEG,11
003080.JPEG,0
003081.JPEG,6
003082.JPEG,11
003083.JPEG,3
003084.JPEG,1
003085.JPEG,20
003086.JPEG,8
003087.JPEG,13
003088.JPEG,14
003089.JPEG,14
003090.JPEG,9
003091.JPEG,1
003092.JPEG,1
003093.JPEG,19
003094.JPEG,15
003095.JPEG,10
003096.JPEG,20
003097.JPEG,10
003098.JPEG,2
003099.JPEG,19
003100.JPEG,1
003101.JPEG,16
003102.JPEG,12
003103.JPEG,0
003104.JPEG,17
003105.JPEG,2
003106.JPEG,16
003107.JPEG,17
003108.JPEG,14
003109.JPEG,20
003110.JPEG,20
003111.JPEG,18
003112.JPEG,16
003113.JPEG,15
003114.JPEG,13
003115.JPEG,0
003116.JPEG,0
003117.JPEG,19
003118.JPEG,16
003119.JPEG,9
003120.JPEG,9
003121.JPEG,1
003122.JPEG,5
003123.JPEG,6
003124.JPEG,20
003125.JPEG,6
003126.JPEG,17
003127.JPEG,16
003128.JPEG,2
003129.JPEG,14
003130.JPEG,0
003131.JPEG,15
003132.JPEG,12
003133.JPEG,19
003134.JPEG,7
003135.JPEG,5
003136.JPEG,18
003137.JPEG,3
003138.JPEG,14
003139.JPEG,10
003140.JPEG,10
003141.JPEG,10
003142.JPEG,11
003143.JPEG,0
003144.JPEG,18
003145.JPEG,0
003146.JPEG,9
003147.JPEG,6
003148.JPEG,10
003149.JPEG,20
003150.JPEG,9
003151.JPEG,16
003152.JPEG,17
003153.JPEG,8
003154.JPEG,5
003155.JPEG,0
003156.JPEG,0
003157.JPEG,17
003158.JPEG,18
003159.JPEG,17
003160.JPEG,18
003161.JPEG,6
003162.JPEG,4
003163.JPEG,2
003164.JPEG,13
003165.JPEG,1
003166.JPEG,11
003167.JPEG,14
003168.JPEG,7
003169.JPEG,14
003170.JPEG,3
003171.JPEG,6
003172.JPEG,11
003173.JPEG,4
003174.JPEG,16
003175.JPEG,3
003176.JPEG,0
003177.JPEG,2
003178.JPEG,11
003179.JPEG,2
003180.JPEG,0
003181.JPEG,19
003182.JPEG,14
003183.JPEG,4
003184.JPEG,1
003185.JPEG,20
003186.JPEG,16
003187.JPEG,5
003188.JPEG,7
003189.JPEG,16
003190.JPEG,11
003191.JPEG,2
003192.JPEG,13
003193.JPEG,9
003194.JPEG,1
003195.JPEG,13
003196.JPEG,5
003197.JPEG,10
003198.JPEG,19
003199.JPEG,5
003200.JPEG,18
003201.JPEG,16
003202.JPEG,17
003203.JPEG,16
003204.JPEG,18
003205.JPEG,16
003206.JPEG,4
003207.JPEG,7
003208.JPEG,4
003209.JPEG,14
003210.JPEG,12
003211.JPEG,16
003212.JPEG,18
003213.JPEG,4
003214.JPEG,19
003215.JPEG,18
003216.JPEG,2
003217.JPEG,4
003218.JPEG,9
003219.JPEG,18
003220.JPEG,4
003221.JPEG,11
003222.JPEG,7
003223.JPEG,1
003224.JPEG,11
003225.JPEG,10
003226.JPEG,0
003227.JPEG,6
003228.JPEG,2
003229.JPEG,9
003230.JPEG,13
003231.JPEG,15
003232.JPEG,9
003233.JPEG,1
003234.JPEG,4
003235.JPEG,18
003236.JPEG,9
003237.JPEG,16
003238.JPEG,3
003239.JPEG,1
003240.JPEG,3
003241.JPEG,1
003242.JPEG,11
003243.JPEG,1
003244.JPEG,14
003245.JPEG,12
003246.JPEG,5
003247.JPEG,14
003248.JPEG,12
003249.JPEG,6
003250.JPEG,5
003251.JPEG,7
003252.JPEG,9
003253.JPEG,14
003254.JPEG,7
003255.JPEG,6
003256.JPEG,2
003257.JPEG,4
003258.JPEG,7
003259.JPEG,13
003260.JPEG,2
003261.JPEG,19
003262.JPEG,3
003263.JPEG,13
003264.JPEG,7
003265.JPEG,13
003266.JPEG,18
003267.JPEG,16
003268.JPEG,2
003269.JPEG,18
003270.JPEG,13
003271.JPEG,14
003272.JPEG,6
003273.JPEG,17
003274.JPEG,18
003275.JPEG,16
003276.JPEG,3
003277.JPEG,13
003278.JPEG,11
003279.JPEG,4
003280.JPEG,4
003281.JPEG,0
003282.JPEG,20
003283.JPEG,7
003284.JPEG,10
003285.JPEG,14
003286.JPEG,17
003287.JPEG,3
003288.JPEG,18
003289.JPEG,9
003290.JPEG,20
003291.JPEG,1
003292.JPEG,5
003293.JPEG,16
003294.JPEG,12
003295.JPEG,20
003296.JPEG,3
003297.JPEG,6
003298.JPEG,19
003299.JPEG,8
003300.JPEG,0
003301.JPEG,7
003302.JPEG,17
003303.JPEG,4
003304.JPEG,7
003305.JPEG,20
003306.JPEG,4
003307.JPEG,5
003308.JPEG,9
003309.JPEG,15
003310.JPEG,7
003311.JPEG,16
003312.JPEG,15
003313.JPEG,7
003314.JPEG,6
003315.JPEG,9
003316.JPEG,8
003317.JPEG,3
003318.JPEG,5
003319.JPEG,12
003320.JPEG,18
003321.JPEG,4
003322.JPEG,5
003323.JPEG,6
003324.JPEG,16
003325.JPEG,2
003326.JPEG,1
003327.JPEG,17
003328.JPEG,13
003329.JPEG,18
003330.JPEG,7
003331.JPEG,14
003332.JPEG,17
003333.JPEG,2
003334.JPEG,18
003335.JPEG,3
003336.JPEG,2
003337.JPEG,16
003338.JPEG,11
003339.JPEG,8
003340.JPEG,6
003341.JPEG,6
003342.JPEG,11
003343.JPEG,16
003344.JPEG,17
003345.JPEG,4
003346.JPEG,8
003347.JPEG,10
003348.JPEG,11
003349.JPEG,18
003350.JPEG,4
003351.JPEG,0
003352.JPEG,16
003353.JPEG,15
003354.JPEG,10
003355.JPEG,0
003356.JPEG,5
003357.JPEG,15
003358.JPEG,14
003359.JPEG,8
003360.JPEG,7
003361.JPEG,4
003362.JPEG,3
003363.JPEG,6
003364.JPEG,7
003365.JPEG,7
003366.JPEG,5
003367.JPEG,11
003368.JPEG,9
003369.JPEG,3
003370.JPEG,5
003371.JPEG,6
003372.JPEG,17
003373.JPEG,7
003374.JPEG,7
003375.JPEG,19
003376.JPEG,11
003377.JPEG,19
003378.JPEG,12
003379.JPEG,10
003380.JPEG,20
003381.JPEG,3
003382.JPEG,10
003383.JPEG,15
003384.JPEG,10
003385.JPEG,15
003386.JPEG,18
003387.JPEG,0
003388.JPEG,14
003389.JPEG,13
003390.JPEG,14
003391.JPEG,9
003392.JPEG,4
003393.JPEG,2
003394.JPEG,13
003395.JPEG,9
003396.JPEG,4
003397.JPEG,1
003398.JPEG,13
003399.JPEG,4
003400.JPEG,19
003401.JPEG,20
003402.JPEG,8
003403.JPEG,4
003404.JPEG,5
003405.JPEG,18
003406.JPEG,5
003407.JPEG,20
003408.JPEG,16
003409.JPEG,7
003410.JPEG,9
003411.JPEG,20
003412.JPEG,13
003413.JPEG,20
003414.JPEG,7
003415.JPEG,12
003416.JPEG,16
003417.JPEG,0
003418.JPEG,13
003419.JPEG,14
003420.JPEG,17
003421.JPEG,4
003422.JPEG,12
003423.JPEG,11
003424.JPEG,1
003425.JPEG,2
003426.JPEG,14
003427.JPEG,1
003428.JPEG,15
003429.JPEG,7
003430.JPEG,14
003431.JPEG,14
003432.JPEG,1
003433.JPEG,20
003434.JPEG,5
003435.JPEG,16
003436.JPEG,7
003437.JPEG,3
003438.JPEG,1
003439.JPEG,7
003440.JPEG,16
003441.JPEG,14
003442.JPEG,11
003443.JPEG,19
003444.JPEG,6
003445.JPEG,16
003446.JPEG,9
003447.JPEG,2
003448.JPEG,5
003449.JPEG,9
003450.JPEG,8
003451.JPEG,9
003452.JPEG,8
003453.JPEG,8
003454.JPEG,18
003455.JPEG,9
003456.JPEG,7
003457.JPEG,20
003458.JPEG,7
003459.JPEG,8
003460.JPEG,6
003461.JPEG,18
003462.JPEG,7
003463.JPEG,7
003464.JPEG,8
003465.JPEG,0
003466.JPEG,8
003467.JPEG,18
003468.JPEG,0
003469.JPEG,13
003470.JPEG,8
003471.JPEG,6
003472.JPEG,14
003473.JPEG,18
003474.JPEG,12
003475.JPEG,8
003476.JPEG,14
003477.JPEG,6
003478.JPEG,16
003479.JPEG,5
003480.JPEG,15
003481.JPEG,12
003482.JPEG,17
003483.JPEG,4
003484.JPEG,2
003485.JPEG,17
003486.JPEG,3
003487.JPEG,8
003488.JPEG,20
003489.JPEG,4
003490.JPEG,15
003491.JPEG,3
003492.JPEG,19
003493.JPEG,3
003494.JPEG,16
003495.JPEG,18
003496.JPEG,6
003497.JPEG,8
003498.JPEG,7
003499.JPEG,17
003500.JPEG,2
003501.JPEG,15
003502.JPEG,7
003503.JPEG,6
003504.JPEG,15
003505.JPEG,11
003506.JPEG,9
003507.JPEG,13
003508.JPEG,16
003509.JPEG,9
003510.JPEG,19
003511.JPEG,5
003512.JPEG,19
003513.JPEG,18
003514.JPEG,4
003515.JPEG,7
003516.JPEG,2
003517.JPEG,18
003518.JPEG,7
003519.JPEG,13
003520.JPEG,2
003521.JPEG,15
003522.JPEG,13
003523.JPEG,16
003524.JPEG,7
003525.JPEG,6
003526.JPEG,4
003527.JPEG,5
003528.JPEG,0
003529.JPEG,2
003530.JPEG,20
003531.JPEG,0
003532.JPEG,0
003533.JPEG,12
003534.JPEG,11
003535.JPEG,12
003536.JPEG,2
003537.JPEG,4
003538.JPEG,7
003539.JPEG,9
003540.JPEG,8
003541.JPEG,13
003542.JPEG,19
003543.JPEG,4
003544.JPEG,13
003545.JPEG,5
003546.JPEG,16
003547.JPEG,12
003548.JPEG,1
003549.JPEG,2
003550.JPEG,8
003551.JPEG,18
003552.JPEG,12
003553.JPEG,4
003554.JPEG,4
003555.JPEG,6
003556.JPEG,8
003557.JPEG,15
003558.JPEG,1
003559.JPEG,1
003560.JPEG,6
003561.JPEG,8
003562.JPEG,16
003563.JPEG,4
003564.JPEG,7
003565.JPEG,18
003566.JPEG,8
003567.JPEG,6
003568.JPEG,4
003569.JPEG,11
003570.JPEG,16
003571.JPEG,20
003572.JPEG,9
003573.JPEG,15
003574.JPEG,20
003575.JPEG,15
003576.JPEG,5
003577.JPEG,7
003578.JPEG,7
003579.JPEG,20
003580.JPEG,2
003581.JPEG,14
003582.JPEG,11
003583.JPEG,8
003584.JPEG,17
003585.JPEG,16
003586.JPEG,3
003587.JPEG,16
003588.JPEG,1
003589.JPEG,4
003590.JPEG,16
003591.JPEG,17
003592.JPEG,18
003593.JPEG,6
003594.JPEG,6
003595.JPEG,18
003596.JPEG,13
003597.JPEG,16
003598.JPEG,1
003599.JPEG,18
003600.JPEG,6
003601.JPEG,6
003602.JPEG,8
003603.JPEG,20
003604.JPEG,17
003605.JPEG,9
003606.JPEG,0
003607.JPEG,9
003608.JPEG,18
003609.JPEG,7
003610.JPEG,8
003611.JPEG,10
003612.JPEG,9
003613.JPEG,5
003614.JPEG,6
003615.JPEG,16
003616.JPEG,9
003617.JPEG,2
003618.JPEG,7
003619.JPEG,0
003620.JPEG,11
003621.JPEG,4
003622.JPEG,12
003623.JPEG,0
003624.JPEG,7
003625.JPEG,5
003626.JPEG,6
003627.JPEG,20
003628.JPEG,15
003629.JPEG,6
003630.JPEG,18
003631.JPEG,15
003632.JPEG,12
003633.JPEG,10
003634.JPEG,5
003635.JPEG,1
003636.JPEG,9
003637.JPEG,3
003638.JPEG,8
003639.JPEG,2
003640.JPEG,7
003641.JPEG,6
003642.JPEG,4
003643.JPEG,1
003644.JPEG,20
003645.JPEG,14
003646.JPEG,18
003647.JPEG,16
003648.JPEG,1
003649.JPEG,7
003650.JPEG,14
003651.JPEG,8
003652.JPEG,0
003653.JPEG,20
003654.JPEG,17
003655.JPEG,17
003656.JPEG,12
003657.JPEG,13
003658.JPEG,2
003659.JPEG,9
003660.JPEG,17
003661.JPEG,11
003662.JPEG,9
003663.JPEG,13
003664.JPEG,16
003665.JPEG,0
003666.JPEG,3
003667.JPEG,14
003668.JPEG,20
003669.JPEG,17
003670.JPEG,5
003671.JPEG,6
003672.JPEG,8
003673.JPEG,18
003674.JPEG,17
003675.JPEG,8
003676.JPEG,13
003677.JPEG,17
003678.JPEG,17
003679.JPEG,18
003680.JPEG,18
003681.JPEG,19
003682.JPEG,18
003683.JPEG,14
003684.JPEG,13
003685.JPEG,9
003686.JPEG,4
003687.JPEG,8
003688.JPEG,9
003689.JPEG,20
003690.JPEG,1
003691.JPEG,7
003692.JPEG,18
003693.JPEG,0
003694.JPEG,4
003695.JPEG,4
003696.JPEG,7
003697.JPEG,12
003698.JPEG,12
003699.JPEG,5
003700.JPEG,16
003701.JPEG,17
003702.JPEG,13
003703.JPEG,6
003704.JPEG,1
003705.JPEG,3
003706.JPEG,14
003707.JPEG,10
003708.JPEG,6
003709.JPEG,9
003710.JPEG,16
003711.JPEG,15
003712.JPEG,6
003713.JPEG,11
003714.JPEG,7
003715.JPEG,0
003716.JPEG,2
003717.JPEG,2
003718.JPEG,6
003719.JPEG,3
003720.JPEG,1
003721.JPEG,13
003722.JPEG,16
003723.JPEG,10
003724.JPEG,16
003725.JPEG,13
003726.JPEG,18
003727.JPEG,5
003728.JPEG,7
003729.JPEG,12
003730.JPEG,18
003731.JPEG,16
003732.JPEG,8
003733.JPEG,15
003734.JPEG,5
003735.JPEG,17
003736.JPEG,4
003737.JPEG,3
003738.JPEG,19
003739.JPEG,14
003740.JPEG,15
003741.JPEG,8
003742.JPEG,11
003743.JPEG,17
003744.JPEG,17
003745.JPEG,20
003746.JPEG,14
003747.JPEG,14
003748.JPEG,15
003749.JPEG,9
003750.JPEG,17
003751.JPEG,7
003752.JPEG,18
003753.JPEG,16
003754.JPEG,9
003755.JPEG,17
003756.JPEG,20
003757.JPEG,2
003758.JPEG,13
003759.JPEG,17
003760.JPEG,2
003761.JPEG,18
003762.JPEG,8
003763.JPEG,6
003764.JPEG,3
003765.JPEG,2
003766.JPEG,0
003767.JPEG,2
003768.JPEG,14
003769.JPEG,18
003770.JPEG,4
003771.JPEG,4
003772.JPEG,7
003773.JPEG,8
003774.JPEG,16
003775.JPEG,7
003776.JPEG,19
003777.JPEG,15
003778.JPEG,5
003779.JPEG,6
003780.JPEG,20
003781.JPEG,8
003782.JPEG,5
003783.JPEG,13
003784.JPEG,5
003785.JPEG,16
003786.JPEG,11
003787.JPEG,4
003788.JPEG,17
003789.JPEG,3
003790.JPEG,8
003791.JPEG,20
003792.JPEG,2
003793.JPEG,20
003794.JPEG,16
003795.JPEG,16
003796.JPEG,12
003797.JPEG,15
003798.JPEG,13
003799.JPEG,5
003800.JPEG,20
003801.JPEG,6
003802.JPEG,14
003803.JPEG,12
003804.JPEG,14
003805.JPEG,12
003806.JPEG,9
003807.JPEG,12
003808.JPEG,4
003809.JPEG,20
003810.JPEG,6
003811.JPEG,6
003812.JPEG,4
003813.JPEG,8
003814.JPEG,3
003815.JPEG,2
003816.JPEG,3
003817.JPEG,6
003818.JPEG,4
003819.JPEG,13
003820.JPEG,12
003821.JPEG,8
003822.JPEG,2
003823.JPEG,20
003824.JPEG,3
003825.JPEG,17
003826.JPEG,7
003827.JPEG,16
003828.JPEG,3
003829.JPEG,15
003830.JPEG,5
003831.JPEG,2
003832.JPEG,12
003833.JPEG,8
003834.JPEG,1
003835.JPEG,11
003836.JPEG,7
003837.JPEG,1
003838.JPEG,5
003839.JPEG,20
003840.JPEG,13
003841.JPEG,4
003842.JPEG,16
003843.JPEG,14
003844.JPEG,20
003845.JPEG,6
003846.JPEG,18
003847.JPEG,9
003848.JPEG,17
003849.JPEG,11
003850.JPEG,5
003851.JPEG,3
003852.JPEG,16
003853.JPEG,12
003854.JPEG,13
003855.JPEG,6
003856.JPEG,9
003857.JPEG,7
003858.JPEG,0
003859.JPEG,11
003860.JPEG,0
003861.JPEG,3
003862.JPEG,14
003863.JPEG,7
003864.JPEG,0
003865.JPEG,8
003866.JPEG,1
003867.JPEG,18
003868.JPEG,12
003869.JPEG,20
003870.JPEG,14
003871.JPEG,7
003872.JPEG,5
003873.JPEG,6
003874.JPEG,10
003875.JPEG,5
003876.JPEG,18
003877.JPEG,3
003878.JPEG,18
003879.JPEG,3
003880.JPEG,7
003881.JPEG,2
003882.JPEG,0
003883.JPEG,14
003884.JPEG,2
003885.JPEG,0
003886.JPEG,18
003887.JPEG,1
003888.JPEG,6
003889.JPEG,1
003890.JPEG,11
003891.JPEG,2
003892.JPEG,4
003893.JPEG,20
003894.JPEG,18
003895.JPEG,1
003896.JPEG,12
003897.JPEG,1
003898.JPEG,7
003899.JPEG,1
003900.JPEG,8
003901.JPEG,2
003902.JPEG,20
003903.JPEG,13
003904.JPEG,5
003905.JPEG,9
003906.JPEG,12
003907.JPEG,2
003908.JPEG,0
003909.JPEG,15
003910.JPEG,6
003911.JPEG,8
003912.JPEG,10
003913.JPEG,3
003914.JPEG,10
003915.JPEG,2
003916.JPEG,4
003917.JPEG,6
003918.JPEG,20
003919.JPEG,10
003920.JPEG,17
003921.JPEG,1
003922.JPEG,14
003923.JPEG,18
003924.JPEG,1
003925.JPEG,3
003926.JPEG,8
003927.JPEG,9
003928.JPEG,4
003929.JPEG,17
003930.JPEG,3
003931.JPEG,2
003932.JPEG,10
003933.JPEG,10
003934.JPEG,18
003935.JPEG,17
003936.JPEG,20
003937.JPEG,10
003938.JPEG,14
003939.JPEG,8
003940.JPEG,16
003941.JPEG,1
003942.JPEG,14
003943.JPEG,18
003944.JPEG,0
003945.JPEG,17
003946.JPEG,14
003947.JPEG,15
003948.JPEG,16
003949.JPEG,8
003950.JPEG,0
003951.JPEG,19
003952.JPEG,18
003953.JPEG,8
003954.JPEG,17
003955.JPEG,2
003956.JPEG,12
003957.JPEG,4
003958.JPEG,9
003959.JPEG,12
003960.JPEG,19
003961.JPEG,18
003962.JPEG,1
003963.JPEG,20
003964.JPEG,7
003965.JPEG,14
003966.JPEG,2
003967.JPEG,20
003968.JPEG,20
003969.JPEG,4
003970.JPEG,4
003971.JPEG,15
003972.JPEG,1
003973.JPEG,20
003974.JPEG,9
003975.JPEG,9
003976.JPEG,3
003977.JPEG,2
003978.JPEG,17
003979.JPEG,3
003980.JPEG,10
003981.JPEG,12
003982.JPEG,12
003983.JPEG,10
003984.JPEG,20
003985.JPEG,8
003986.JPEG,13
003987.JPEG,12
003988.JPEG,8
003989.JPEG,4
003990.JPEG,0
003991.JPEG,11
003992.JPEG,12
003993.JPEG,15
003994.JPEG,9
003995.JPEG,1
003996.JPEG,19
003997.JPEG,1
003998.JPEG,5
003999.JPEG,14
004000.JPEG,11
004001.JPEG,12
004002.JPEG,7
004003.JPEG,2
004004.JPEG,13
004005.JPEG,13
004006.JPEG,0
004007.JPEG,12
004008.JPEG,2
004009.JPEG,9
004010.JPEG,6
004011.JPEG,19
004012.JPEG,8
004013.JPEG,10
004014.JPEG,8
004015.JPEG,18
004016.JPEG,2
004017.JPEG,1
004018.JPEG,12
004019.JPEG,9
004020.JPEG,19
004021.JPEG,11
004022.JPEG,2
004023.JPEG,8
004024.JPEG,20
004025.JPEG,4
004026.JPEG,9
004027.JPEG,6
004028.JPEG,19
004029.JPEG,7
004030.JPEG,0
004031.JPEG,16
004032.JPEG,0
004033.JPEG,13
004034.JPEG,10
004035.JPEG,0
004036.JPEG,2
004037.JPEG,4
004038.JPEG,5
004039.JPEG,18
004040.JPEG,13
004041.JPEG,11
004042.JPEG,9
004043.JPEG,8
004044.JPEG,6
004045.JPEG,1
004046.JPEG,17
004047.JPEG,2
004048.JPEG,9
004049.JPEG,17
004050.JPEG,4
004051.JPEG,5
004052.JPEG,9
004053.JPEG,6
004054.JPEG,9
004055.JPEG,16
004056.JPEG,8
004057.JPEG,8
004058.JPEG,9
004059.JPEG,9
004060.JPEG,8
004061.JPEG,10
004062.JPEG,12
004063.JPEG,5
004064.JPEG,8
004065.JPEG,20
004066.JPEG,7
004067.JPEG,3
004068.JPEG,7
004069.JPEG,19
004070.JPEG,4
004071.JPEG,13
004072.JPEG,16
004073.JPEG,13
004074.JPEG,11
004075.JPEG,5
004076.JPEG,9
004077.JPEG,5
004078.JPEG,16
004079.JPEG,2
004080.JPEG,5
004081.JPEG,3
004082.JPEG,3
004083.JPEG,12
004084.JPEG,4
004085.JPEG,8
004086.JPEG,7
004087.JPEG,6
004088.JPEG,12
004089.JPEG,13
004090.JPEG,12
004091.JPEG,5
004092.JPEG,13
004093.JPEG,1
004094.JPEG,7
004095.JPEG,20
004096.JPEG,16
004097.JPEG,7
004098.JPEG,9
004099.JPEG,5
004100.JPEG,4
004101.JPEG,10
004102.JPEG,17
004103.JPEG,18
004104.JPEG,4
004105.JPEG,11
004106.JPEG,7
004107.JPEG,4
004108.JPEG,18
004109.JPEG,18
004110.JPEG,13
004111.JPEG,17
004112.JPEG,6
004113.JPEG,1
004114.JPEG,9
004115.JPEG,18
004116.JPEG,0
004117.JPEG,1
004118.JPEG,9
004119.JPEG,0
004120.JPEG,13
004121.JPEG,13
004122.JPEG,5
004123.JPEG,0
004124.JPEG,18
004125.JPEG,13
004126.JPEG,0
004127.JPEG,0
004128.JPEG,8
004129.JPEG,7
004130.JPEG,16
004131.JPEG,12
004132.JPEG,17
004133.JPEG,20
004134.JPEG,14
004135.JPEG,19
004136.JPEG,5
004137.JPEG,4
004138.JPEG,6
004139.JPEG,4
004140.JPEG,6
004141.JPEG,18
004142.JPEG,20
004143.JPEG,13
004144.JPEG,13
004145.JPEG,0
004146.JPEG,9
004147.JPEG,10
004148.JPEG,20
004149.JPEG,20
004150.JPEG,6
004151.JPEG,2
004152.JPEG,4
004153.JPEG,4
004154.JPEG,15
004155.JPEG,14
004156.JPEG,2
004157.JPEG,11
004158.JPEG,3
004159.JPEG,20
004160.JPEG,12
004161.JPEG,13
004162.JPEG,4
004163.JPEG,4
004164.JPEG,2
004165.JPEG,6
004166.JPEG,17
004167.JPEG,0
004168.JPEG,20
004169.JPEG,8
004170.JPEG,8
004171.JPEG,12
004172.JPEG,16
004173.JPEG,17
004174.JPEG,3
004175.JPEG,17
004176.JPEG,11
004177.JPEG,11
004178.JPEG,16
004179.JPEG,7
004180.JPEG,20
004181.JPEG,11
004182.JPEG,2
004183.JPEG,6
004184.JPEG,4
004185.JPEG,3
004186.JPEG,16
004187.JPEG,19
004188.JPEG,18
004189.JPEG,1
004190.JPEG,8
004191.JPEG,18
004192.JPEG,5
004193.JPEG,8
004194.JPEG,5
004195.JPEG,16
004196.JPEG,0
004197.JPEG,18
004198.JPEG,6
004199.JPEG,3
004200.JPEG,9
004201.JPEG,15
004202.JPEG,8
004203.JPEG,15
004204.JPEG,7
004205.JPEG,15
004206.JPEG,2
004207.JPEG,9
004208.JPEG,0
004209.JPEG,8
004210.JPEG,19
004211.JPEG,17
004212.JPEG,18
004213.JPEG,8
004214.JPEG,14
004215.JPEG,11
004216.JPEG,15
004217.JPEG,7
004218.JPEG,16
004219.JPEG,0
004220.JPEG,7
004221.JPEG,7
004222.JPEG,3
004223.JPEG,12
004224.JPEG,10
004225.JPEG,11
004226.JPEG,15
004227.JPEG,2
004228.JPEG,6
004229.JPEG,9
004230.JPEG,0
004231.JPEG,8
004232.JPEG,9
004233.JPEG,18
004234.JPEG,3
004235.JPEG,11
004236.JPEG,13
004237.JPEG,17
004238.JPEG,0
004239.JPEG,9
004240.JPEG,16
004241.JPEG,8
004242.JPEG,9
004243.JPEG,8
004244.JPEG,11
004245.JPEG,16
004246.JPEG,12
004247.JPEG,7
004248.JPEG,15
004249.JPEG,18
004250.JPEG,16
004251.JPEG,15
004252.JPEG,11
004253.JPEG,16
004254.JPEG,3
004255.JPEG,15
004256.JPEG,8
004257.JPEG,7
004258.JPEG,17
004259.JPEG,19
004260.JPEG,14
004261.JPEG,14
004262.JPEG,4
004263.JPEG,4
004264.JPEG,4
004265.JPEG,12
004266.JPEG,16
004267.JPEG,6
004268.JPEG,7
004269.JPEG,8
004270.JPEG,13
004271.JPEG,0
004272.JPEG,6
004273.JPEG,12
004274.JPEG,1
004275.JPEG,7
004276.JPEG,19
004277.JPEG,14
004278.JPEG,7
004279.JPEG,19
004280.JPEG,16
004281.JPEG,7
004282.JPEG,7
004283.JPEG,1
004284.JPEG,13
004285.JPEG,0
004286.JPEG,14
004287.JPEG,9
004288.JPEG,13
004289.JPEG,19
004290.JPEG,5
004291.JPEG,7
004292.JPEG,1
004293.JPEG,18
004294.JPEG,8
004295.JPEG,0
004296.JPEG,5
004297.JPEG,5
004298.JPEG,7
004299.JPEG,4
004300.JPEG,5
004301.JPEG,6
004302.JPEG,14
004303.JPEG,7
004304.JPEG,20
004305.JPEG,1
004306.JPEG,4
004307.JPEG,17
004308.JPEG,13
004309.JPEG,18
004310.JPEG,1
004311.JPEG,4
004312.JPEG,20
004313.JPEG,5
004314.JPEG,7
004315.JPEG,9
004316.JPEG,20
004317.JPEG,11
004318.JPEG,5
004319.JPEG,9
004320.JPEG,15
004321.JPEG,5
004322.JPEG,3
004323.JPEG,4
004324.JPEG,6
004325.JPEG,8
004326.JPEG,16
004327.JPEG,19
004328.JPEG,14
004329.JPEG,5
004330.JPEG,8
004331.JPEG,11
004332.JPEG,7
004333.JPEG,16
004334.JPEG,16
004335.JPEG,19
004336.JPEG,3
004337.JPEG,17
004338.JPEG,8
004339.JPEG,4
004340.JPEG,13
004341.JPEG,9
004342.JPEG,8
004343.JPEG,7
004344.JPEG,6
004345.JPEG,7
004346.JPEG,11
004347.JPEG,17
004348.JPEG,6
004349.JPEG,0
004350.JPEG,19
004351.JPEG,16
004352.JPEG,1
004353.JPEG,13
004354.JPEG,19
004355.JPEG,13
004356.JPEG,18
004357.JPEG,2
004358.JPEG,11
004359.JPEG,1
004360.JPEG,13
004361.JPEG,18
004362.JPEG,8
004363.JPEG,3
004364.JPEG,4
004365.JPEG,18
004366.JPEG,3
004367.JPEG,13
004368.JPEG,11
004369.JPEG,7
004370.JPEG,13
004371.JPEG,13
004372.JPEG,5
004373.JPEG,20
004374.JPEG,12
004375.JPEG,12
004376.JPEG,10
004377.JPEG,1
004378.JPEG,3
004379.JPEG,2
004380.JPEG,17
004381.JPEG,11
004382.JPEG,9
004383.JPEG,12
004384.JPEG,15
004385.JPEG,10
004386.JPEG,9
004387.JPEG,14
004388.JPEG,1
004389.JPEG,7
004390.JPEG,16
004391.JPEG,18
004392.JPEG,9
004393.JPEG,0
004394.JPEG,4
004395.JPEG,4
004396.JPEG,13
004397.JPEG,19
004398.JPEG,9
004399.JPEG,9
004400.JPEG,20
004401.JPEG,13
004402.JPEG,2
004403.JPEG,20
004404.JPEG,1
004405.JPEG,20
004406.JPEG,4
004407.JPEG,15
004408.JPEG,2
004409.JPEG,11
004410.JPEG,15
004411.JPEG,11
004412.JPEG,5
004413.JPEG,17
004414.JPEG,5
004415.JPEG,6
004416.JPEG,11
004417.JPEG,5
004418.JPEG,0
004419.JPEG,17
004420.JPEG,19
004421.JPEG,1
004422.JPEG,3
004423.JPEG,18
004424.JPEG,16
004425.JPEG,19
004426.JPEG,2
004427.JPEG,7
004428.JPEG,8
004429.JPEG,17
004430.JPEG,0
004431.JPEG,11
004432.JPEG,18
004433.JPEG,15
004434.JPEG,8
004435.JPEG,2
004436.JPEG,6
004437.JPEG,3
004438.JPEG,16
004439.JPEG,17
004440.JPEG,6
004441.JPEG,13
004442.JPEG,19
004443.JPEG,9
004444.JPEG,1
004445.JPEG,3
004446.JPEG,16
004447.JPEG,14
004448.JPEG,4
004449.JPEG,5
004450.JPEG,16
004451.JPEG,0
004452.JPEG,2
004453.JPEG,6
004454.JPEG,3
004455.JPEG,0
004456.JPEG,8
004457.JPEG,2
004458.JPEG,0
004459.JPEG,12
004460.JPEG,1
004461.JPEG,0
004462.JPEG,20
004463.JPEG,6
004464.JPEG,13
004465.JPEG,5
004466.JPEG,16
004467.JPEG,9
004468.JPEG,9
004469.JPEG,12
004470.JPEG,15
004471.JPEG,17
004472.JPEG,14
004473.JPEG,16
004474.JPEG,20
004475.JPEG,0
004476.JPEG,13
004477.JPEG,16
004478.JPEG,11
004479.JPEG,9
004480.JPEG,0
004481.JPEG,10
004482.JPEG,20
004483.JPEG,6
004484.JPEG,0
004485.JPEG,16
004486.JPEG,5
004487.JPEG,19
004488.JPEG,13
004489.JPEG,4
004490.JPEG,2
004491.JPEG,20
004492.JPEG,0
004493.JPEG,0
004494.JPEG,16
004495.JPEG,16
004496.JPEG,3
004497.JPEG,6
004498.JPEG,7
004499.JPEG,18
004500.JPEG,12
004501.JPEG,9
004502.JPEG,9
004503.JPEG,6
004504.JPEG,14
004505.JPEG,19
004506.JPEG,2
004507.JPEG,15
004508.JPEG,1
004509.JPEG,1
004510.JPEG,3
004511.JPEG,8
004512.JPEG,17
004513.JPEG,20
004514.JPEG,19
004515.JPEG,3
004516.JPEG,3
004517.JPEG,8
004518.JPEG,8
004519.JPEG,20
004520.JPEG,19
004521.JPEG,6
004522.JPEG,7
004523.JPEG,20
004524.JPEG,6
004525.JPEG,18
004526.JPEG,11
004527.JPEG,20
004528.JPEG,8
004529.JPEG,14
004530.JPEG,0
004531.JPEG,17
004532.JPEG,7
004533.JPEG,6
004534.JPEG,11
004535.JPEG,5
004536.JPEG,0
004537.JPEG,19
004538.JPEG,8
004539.JPEG,12
004540.JPEG,5
004541.JPEG,0
004542.JPEG,0
004543.JPEG,6
004544.JPEG,5
004545.JPEG,18
004546.JPEG,15
004547.JPEG,9
004548.JPEG,15
004549.JPEG,12
004550.JPEG,9
004551.JPEG,12
004552.JPEG,20
004553.JPEG,13
004554.JPEG,16
004555.JPEG,16
004556.JPEG,7
004557.JPEG,14
004558.JPEG,12
004559.JPEG,18
004560.JPEG,11
004561.JPEG,9
004562.JPEG,12
004563.JPEG,11
004564.JPEG,4
004565.JPEG,8
004566.JPEG,7
004567.JPEG,13
004568.JPEG,2
004569.JPEG,3
004570.JPEG,10
004571.JPEG,2
004572.JPEG,17
004573.JPEG,11
004574.JPEG,15
004575.JPEG,0
004576.JPEG,16
004577.JPEG,8
004578.JPEG,18
004579.JPEG,16
004580.JPEG,16
004581.JPEG,10
004582.JPEG,18
004583.JPEG,20
004584.JPEG,10
004585.JPEG,9
004586.JPEG,4
004587.JPEG,16
004588.JPEG,1
004589.JPEG,4
004590.JPEG,6
004591.JPEG,13
004592.JPEG,10
004593.JPEG,14
004594.JPEG,15
004595.JPEG,5
004596.JPEG,7
004597.JPEG,8
004598.JPEG,11
004599.JPEG,18
004600.JPEG,13
004601.JPEG,0
004602.JPEG,14
004603.JPEG,0
004604.JPEG,8
004605.JPEG,5
004606.JPEG,15
004607.JPEG,7
004608.JPEG,3
004609.JPEG,9
004610.JPEG,10
004611.JPEG,0
004612.JPEG,2
004613.JPEG,19
004614.JPEG,16
004615.JPEG,13
004616.JPEG,18
004617.JPEG,3
004618.JPEG,6
004619.JPEG,17
004620.JPEG,8
004621.JPEG,0
004622.JPEG,9
004623.JPEG,1
004624.JPEG,12
004625.JPEG,17
004626.JPEG,13
004627.JPEG,3
004628.JPEG,3
004629.JPEG,15
004630.JPEG,4
004631.JPEG,6
004632.JPEG,4
004633.JPEG,14
004634.JPEG,15
004635.JPEG,9
004636.JPEG,15
004637.JPEG,20
004638.JPEG,11
004639.JPEG,15
004640.JPEG,7
004641.JPEG,16
004642.JPEG,5
004643.JPEG,5
004644.JPEG,9
004645.JPEG,5
004646.JPEG,15
004647.JPEG,4
004648.JPEG,5
004649.JPEG,3
004650.JPEG,6
004651.JPEG,0
004652.JPEG,3
004653.JPEG,20
004654.JPEG,16
004655.JPEG,8
004656.JPEG,7
004657.JPEG,13
004658.JPEG,18
004659.JPEG,8
004660.JPEG,7
004661.JPEG,18
004662.JPEG,4
004663.JPEG,18
004664.JPEG,10
004665.JPEG,4
004666.JPEG,18
004667.JPEG,2
004668.JPEG,18
004669.JPEG,4
004670.JPEG,2
004671.JPEG,3
004672.JPEG,5
004673.JPEG,17
004674.JPEG,4
004675.JPEG,17
004676.JPEG,4
004677.JPEG,3
004678.JPEG,18
004679.JPEG,0
004680.JPEG,1
004681.JPEG,8
004682.JPEG,16
004683.JPEG,20
004684.JPEG,13
004685.JPEG,1
004686.JPEG,10
004687.JPEG,3
004688.JPEG,11
004689.JPEG,15
004690.JPEG,16
004691.JPEG,6
004692.JPEG,1
004693.JPEG,1
004694.JPEG,6
004695.JPEG,8
004696.JPEG,6
004697.JPEG,17
004698.JPEG,7
004699.JPEG,12
004700.JPEG,19
004701.JPEG,18
004702.JPEG,2
004703.JPEG,7
004704.JPEG,12
004705.JPEG,7
004706.JPEG,18
004707.JPEG,14
004708.JPEG,6
004709.JPEG,9
004710.JPEG,16
004711.JPEG,7
004712.JPEG,7
004713.JPEG,15
004714.JPEG,14
004715.JPEG,5
004716.JPEG,6
004717.JPEG,2
004718.JPEG,14
004719.JPEG,14
004720.JPEG,8
004721.JPEG,18
004722.JPEG,10
004723.JPEG,11
004724.JPEG,11
004725.JPEG,18
004726.JPEG,15
004727.JPEG,12
004728.JPEG,3
004729.JPEG,13
004730.JPEG,20
004731.JPEG,18
004732.JPEG,8
004733.JPEG,0
004734.JPEG,5
004735.JPEG,6
004736.JPEG,19
004737.JPEG,9
004738.JPEG,18
004739.JPEG,10
004740.JPEG,17
004741.JPEG,3
004742.JPEG,12
004743.JPEG,8
004744.JPEG,20
004745.JPEG,10
004746.JPEG,5
004747.JPEG,5
004748.JPEG,6
004749.JPEG,18
004750.JPEG,5
004751.JPEG,9
004752.JPEG,4
004753.JPEG,12
004754.JPEG,18
004755.JPEG,0
004756.JPEG,3
004757.JPEG,9
004758.JPEG,7
004759.JPEG,2
004760.JPEG,8
004761.JPEG,8
004762.JPEG,7
004763.JPEG,17
004764.JPEG,19
004765.JPEG,17
004766.JPEG,20
004767.JPEG,18
004768.JPEG,18
004769.JPEG,18
004770.JPEG,10
004771.JPEG,1
004772.JPEG,9
004773.JPEG,8
004774.JPEG,1
004775.JPEG,0
004776.JPEG,12
004777.JPEG,17
004778.JPEG,1
004779.JPEG,4
004780.JPEG,20
004781.JPEG,17
004782.JPEG,3
004783.JPEG,19
004784.JPEG,16
004785.JPEG,2
004786.JPEG,0
004787.JPEG,18
004788.JPEG,15
004789.JPEG,20
004790.JPEG,11
004791.JPEG,4
004792.JPEG,20
004793.JPEG,13
004794.JPEG,2
004795.JPEG,7
004796.JPEG,10
004797.JPEG,15
004798.JPEG,2
004799.JPEG,4
004800.JPEG,1
004801.JPEG,2
004802.JPEG,1
004803.JPEG,4
004804.JPEG,16
004805.JPEG,2
004806.JPEG,15
004807.JPEG,12
004808.JPEG,20
004809.JPEG,5
004810.JPEG,7
004811.JPEG,3
004812.JPEG,18
004813.JPEG,8
004814.JPEG,19
004815.JPEG,0
004816.JPEG,5
004817.JPEG,8
004818.JPEG,17
004819.JPEG,20
004820.JPEG,20
004821.JPEG,5
004822.JPEG,13
004823.JPEG,13
004824.JPEG,1
004825.JPEG,8
004826.JPEG,8
004827.JPEG,16
004828.JPEG,14
004829.JPEG,7
004830.JPEG,14
004831.JPEG,9
004832.JPEG,3
004833.JPEG,1
004834.JPEG,19
004835.JPEG,18
004836.JPEG,15
004837.JPEG,11
004838.JPEG,3
004839.JPEG,5
004840.JPEG,9
004841.JPEG,20
004842.JPEG,19
004843.JPEG,9
004844.JPEG,9
004845.JPEG,1
004846.JPEG,10
004847.JPEG,3
004848.JPEG,4
004849.JPEG,5
004850.JPEG,17
004851.JPEG,15
004852.JPEG,6
004853.JPEG,7
004854.JPEG,7
004855.JPEG,1
004856.JPEG,13
004857.JPEG,20
004858.JPEG,14
004859.JPEG,3
004860.JPEG,12
004861.JPEG,17
004862.JPEG,2
004863.JPEG,16
004864.JPEG,7
004865.JPEG,0
004866.JPEG,1
004867.JPEG,12
004868.JPEG,12
004869.JPEG,8
004870.JPEG,12
004871.JPEG,10
004872.JPEG,20
004873.JPEG,9
004874.JPEG,6
004875.JPEG,1
004876.JPEG,17
004877.JPEG,11
004878.JPEG,12
004879.JPEG,17
004880.JPEG,16
004881.JPEG,6
004882.JPEG,20
004883.JPEG,17
004884.JPEG,13
004885.JPEG,19
004886.JPEG,9
004887.JPEG,2
004888.JPEG,6
004889.JPEG,4
004890.JPEG,16
004891.JPEG,13
004892.JPEG,2
004893.JPEG,16
004894.JPEG,8
004895.JPEG,16
004896.JPEG,10
004897.JPEG,5
004898.JPEG,18
004899.JPEG,10
004900.JPEG,20
004901.JPEG,4
004902.JPEG,5
004903.JPEG,20
004904.JPEG,5
004905.JPEG,6
004906.JPEG,7
004907.JPEG,18
004908.JPEG,7
004909.JPEG,11
004910.JPEG,5
004911.JPEG,8
004912.JPEG,12
004913.JPEG,10
004914.JPEG,5
004915.JPEG,17
004916.JPEG,6
004917.JPEG,12
004918.JPEG,6
004919.JPEG,14
004920.JPEG,18
004921.JPEG,15
004922.JPEG,3
004923.JPEG,9
004924.JPEG,8
004925.JPEG,17
004926.JPEG,5
004927.JPEG,4
004928.JPEG,2
004929.JPEG,8
004930.JPEG,0
004931.JPEG,8
004932.JPEG,11
004933.JPEG,6
004934.JPEG,2
004935.JPEG,19
004936.JPEG,3
004937.JPEG,20
004938.JPEG,7
004939.JPEG,4
004940.JPEG,14
004941.JPEG,9
004942.JPEG,10
004943.JPEG,13
004944.JPEG,9
004945.JPEG,3
004946.JPEG,16
004947.JPEG,0
004948.JPEG,0
004949.JPEG,10
004950.JPEG,1
004951.JPEG,8
004952.JPEG,19
004953.JPEG,14
004954.JPEG,3
004955.JPEG,16
004956.JPEG,9
004957.JPEG,17
004958.JPEG,17
004959.JPEG,5
004960.JPEG,1
004961.JPEG,10
004962.JPEG,9
004963.JPEG,5
004964.JPEG,16
004965.JPEG,12
004966.JPEG,0
004967.JPEG,1
004968.JPEG,10
004969.JPEG,10
004970.JPEG,20
004971.JPEG,15
004972.JPEG,20
004973.JPEG,17
004974.JPEG,5
004975.JPEG,7
004976.JPEG,12
004977.JPEG,10
004978.JPEG,7
004979.JPEG,14
004980.JPEG,13
004981.JPEG,9
004982.JPEG,10
004983.JPEG,3
004984.JPEG,5
004985.JPEG,16
004986.JPEG,5
004987.JPEG,1
004988.JPEG,6
004989.JPEG,1
004990.JPEG,18
004991.JPEG,17
004992.JPEG,4
004993.JPEG,2
004994.JPEG,5
004995.JPEG,20
004996.JPEG,9
004997.JPEG,4
004998.JPEG,3
004999.JPEG,15
005000.JPEG,3
005001.JPEG,9
005002.JPEG,9
005003.JPEG,17
005004.JPEG,12
005005.JPEG,19
005006.JPEG,1
005007.JPEG,6
005008.JPEG,12
005009.JPEG,16
005010.JPEG,3
005011.JPEG,11
005012.JPEG,20
005013.JPEG,8
005014.JPEG,17
005015.JPEG,1
005016.JPEG,12
005017.JPEG,9
005018.JPEG,13
005019.JPEG,1
005020.JPEG,12
005021.JPEG,20
005022.JPEG,8
005023.JPEG,18
005024.JPEG,5
005025.JPEG,14
005026.JPEG,17
005027.JPEG,15
005028.JPEG,6
005029.JPEG,0
005030.JPEG,18
005031.JPEG,13
005032.JPEG,3
005033.JPEG,6
005034.JPEG,5
005035.JPEG,20
005036.JPEG,4
005037.JPEG,3
005038.JPEG,16
005039.JPEG,8
005040.JPEG,5
005041.JPEG,19
005042.JPEG,14
005043.JPEG,9
005044.JPEG,18
005045.JPEG,8
005046.JPEG,0
005047.JPEG,5
005048.JPEG,4
005049.JPEG,19
005050.JPEG,14
005051.JPEG,10
005052.JPEG,14
005053.JPEG,14
005054.JPEG,16
005055.JPEG,2
005056.JPEG,15
005057.JPEG,14
005058.JPEG,3
005059.JPEG,18
005060.JPEG,20
005061.JPEG,1
005062.JPEG,4
005063.JPEG,10
005064.JPEG,4
005065.JPEG,6
005066.JPEG,0
005067.JPEG,6
005068.JPEG,12
005069.JPEG,13
005070.JPEG,15
005071.JPEG,11
005072.JPEG,0
005073.JPEG,18
005074.JPEG,19
005075.JPEG,6
005076.JPEG,4
005077.JPEG,16
005078.JPEG,18
005079.JPEG,3
005080.JPEG,13
005081.JPEG,1
005082.JPEG,5
005083.JPEG,18
005084.JPEG,10
005085.JPEG,8
005086.JPEG,16
005087.JPEG,6
005088.JPEG,10
005089.JPEG,19
005090.JPEG,3
005091.JPEG,14
005092.JPEG,5
005093.JPEG,3
005094.JPEG,10
005095.JPEG,1
005096.JPEG,15
005097.JPEG,13
005098.JPEG,8
005099.JPEG,7
005100.JPEG,8
005101.JPEG,14
005102.JPEG,5
005103.JPEG,12
005104.JPEG,4
005105.JPEG,17
005106.JPEG,3
005107.JPEG,5
005108.JPEG,12
005109.JPEG,8
005110.JPEG,0
005111.JPEG,18
005112.JPEG,15
005113.JPEG,20
005114.JPEG,14
005115.JPEG,12
005116.JPEG,3
005117.JPEG,15
005118.JPEG,0
005119.JPEG,0
005120.JPEG,8
005121.JPEG,14
005122.JPEG,16
005123.JPEG,9
005124.JPEG,0
005125.JPEG,4
005126.JPEG,19
005127.JPEG,18
005128.JPEG,0
005129.JPEG,9
005130.JPEG,20
005131.JPEG,7
005132.JPEG,16
005133.JPEG,16
005134.JPEG,8
005135.JPEG,6
005136.JPEG,16
005137.JPEG,16
005138.JPEG,18
005139.JPEG,16
005140.JPEG,0
005141.JPEG,8
005142.JPEG,9
005143.JPEG,11
005144.JPEG,20
005145.JPEG,13
005146.JPEG,2
005147.JPEG,17
005148.JPEG,1
005149.JPEG,8
005150.JPEG,15
005151.JPEG,2
005152.JPEG,8
005153.JPEG,8
005154.JPEG,16
005155.JPEG,7
005156.JPEG,17
005157.JPEG,15
005158.JPEG,1
005159.JPEG,4
005160.JPEG,16
005161.JPEG,4
005162.JPEG,20
005163.JPEG,4
005164.JPEG,14
005165.JPEG,5
005166.JPEG,16
005167.JPEG,7
005168.JPEG,6
005169.JPEG,5
005170.JPEG,9
005171.JPEG,18
005172.JPEG,4
005173.JPEG,10
005174.JPEG,18
005175.JPEG,7
005176.JPEG,16
005177.JPEG,10
005178.JPEG,13
005179.JPEG,17
005180.JPEG,6
005181.JPEG,14
005182.JPEG,16
005183.JPEG,0
005184.JPEG,12
005185.JPEG,2
005186.JPEG,16
005187.JPEG,8
005188.JPEG,14
005189.JPEG,15
005190.JPEG,0
005191.JPEG,15
005192.JPEG,0
005193.JPEG,17
005194.JPEG,10
005195.JPEG,4
005196.JPEG,7
005197.JPEG,7
005198.JPEG,12
005199.JPEG,11
005200.JPEG,6
005201.JPEG,3
005202.JPEG,1
005203.JPEG,15
005204.JPEG,20
005205.JPEG,3
005206.JPEG,3
005207.JPEG,4
005208.JPEG,3
005209.JPEG,16
005210.JPEG,6
005211.JPEG,8
005212.JPEG,6
005213.JPEG,13
005214.JPEG,2
005215.JPEG,15
005216.JPEG,13
005217.JPEG,1
005218.JPEG,8
005219.JPEG,8
005220.JPEG,2
005221.JPEG,5
005222.JPEG,0
005223.JPEG,17
005224.JPEG,4
005225.JPEG,8
005226.JPEG,19
005227.JPEG,20
005228.JPEG,10
005229.JPEG,12
005230.JPEG,16
005231.JPEG,18
005232.JPEG,12
005233.JPEG,2
005234.JPEG,15
005235.JPEG,6
005236.JPEG,0
005237.JPEG,16
005238.JPEG,8
005239.JPEG,7
005240.JPEG,13
005241.JPEG,13
005242.JPEG,16
005243.JPEG,15
005244.JPEG,10
005245.JPEG,7
005246.JPEG,4
005247.JPEG,19
005248.JPEG,19
005249.JPEG,1
